frame,tag_id,x,y,dx,dy,drift
0,0,526.3850831252031,434.52716972324674,,,
1,0,526.3735558308116,434.50875807885643,-0.011527294391498799,-0.018411644390312176,0.021722503657350217
2,0,526.3732314919565,434.4816969693065,-0.0003243388550799864,-0.02706110954994756,0.027063053149398674
3,0,526.360962361731,434.45358298481335,-0.012269130225490699,-0.02811398449313174,0.03067454450468827
4,0,526.3478487378159,434.4871102956117,-0.013113623915160133,0.033527310798376675,0.03600066251555942
5,0,526.3128965937128,434.46588155979583,-0.0349521441030447,-0.021228735815896016,0.04089390665785196
6,0,526.3083652049033,434.5068148147404,-0.004531388809482451,0.040933254944548025,0.041183307843082106
7,0,526.2799877853387,434.50184796294377,-0.028377419564662887,-0.004966851796609717,0.028808810421785853
8,0,526.3170840782377,434.5083174735082,0.0370962928990366,0.006469510564443226,0.03765620153168075
9,0,526.3422774953291,434.47364406834737,0.025193417091372794,-0.03467340516084505,0.042859693071556064
10,0,526.3439547847904,434.4913299185935,0.0016772894613268363,0.017685850246152768,0.01776520753794956
11,0,526.3249400360111,434.4663232581769,-0.019014748779341062,-0.02500666041663635,0.03141486489441614
12,0,526.3106713637848,434.4865014183775,-0.014268672226307899,0.020178160200600814,0.024713420568244313
13,0,526.3492968234685,434.5247820399085,0.038625459683771624,0.03828062153098699,0.05438135820831742
14,0,526.375442195006,434.5437156538066,0.02614537153749552,0.018933613898127533,0.032280988028203984
15,0,526.3644095175528,434.49572029347144,-0.0110326774532723,-0.047995360335164605,0.049247076923308195
16,0,526.289203795779,434.46842350429745,-0.07520572177372742,-0.027296789173988145,0.08000634529033591
17,0,526.2843159748522,434.5008937878645,-0.004887820926796849,0.03247028356707915,0.032836109823469704
18,0,526.2867359545219,434.5362578298807,0.0024199796696393605,0.035364042016169606,0.035446745539229364
19,0,526.420806704391,434.5767007000768,0.13407074986912448,0.040442870196102376,0.14003782246296223
20,0,526.4567080312538,434.5442324894017,0.03590132686281322,-0.032468210675119735,0.04840547463825258
21,0,526.3923660978044,434.4811416109291,-0.06434193344944106,-0.06309087847256478,0.09011294771814005
22,0,526.2036630558364,434.4056897005998,-0.18870304196798315,-0.07545191032932053,0.203228513797435
23,0,526.2396759854049,434.48189534293425,0.03601292956852831,0.07620564233445748,0.08428660047549098
24,0,526.2704144189487,434.4989034688839,0.03073843354377459,0.01700812594964418,0.03513015293226044
25,0,526.3744375789121,434.5115543338758,0.10402315996338984,0.012650864991883282,0.10478960918818167
26,0,526.447327727447,434.52099132728074,0.07289014853495246,0.009436993404960958,0.07349850745404772
27,0,526.4427828764345,434.46001973911456,-0.00454485101249702,-0.060971588166182755,0.06114074119793113
28,0,526.365515711365,434.446563319433,-0.0772671650695429,-0.013456419681574516,0.07843016019702279
29,0,526.2881170778335,434.46935316609046,-0.07739863353151577,0.0227898466574743,0.08068410985576448
30,0,526.2688454123926,434.5245527489149,-0.019271665440896868,0.05519958282445714,0.05846700807173189
31,0,526.3308752770708,434.5274961748112,0.06202986467826577,0.002943425896262397,0.062099660772106886
32,0,526.4072983139164,434.5623092022327,0.07642303684554008,0.034813027421535025,0.08397873206322734
33,0,526.4314723388319,434.5035743156283,0.024174024915510017,-0.05873488660438397,0.06351511934213414
34,0,526.3630957586391,434.5183306697369,-0.06837658019276205,0.014756354108556025,0.06995074485260552
35,0,526.274831393064,434.5247533686625,-0.08826436557512807,0.0064226989256326306,0.08849773608329863
36,0,526.2488003064655,434.5269322106083,-0.026031086598550246,0.002178841945806198,0.026122113653493408
37,0,526.2797971697961,434.50771204839833,0.030996863330642555,-0.01922016220999012,0.036472183533713266
38,0,526.3360203988941,434.5064114742209,0.05622322909800914,-0.00130057417743501,0.05623826974043772
39,0,526.4100777976723,434.47592435214347,0.0740573987782227,-0.03048712207743165,0.08008722074314305
40,0,526.3857771103088,434.4649536662846,-0.024300687363506768,-0.010970685858865181,0.026662320877087985
41,0,526.3437940002167,434.50107702551617,-0.04198311009213285,0.036123359231567065,0.055384822967858155
42,0,526.3622399994869,434.49749084455755,0.018445999270170432,-0.0035861809586208437,0.018791369905972872
43,0,526.3866311300114,434.4689343693662,0.02439113052457742,-0.028556475191351183,0.03755528622739052
44,0,526.3696000786952,434.3989690601996,-0.017031051316280355,-0.06996530916660504,0.0720083411537608
45,0,526.4120539423718,434.46516676898364,0.0424538636766556,0.06619770878404552,0.07864138343984899
46,0,526.3683130407125,434.4825027618679,-0.04374090165936195,0.017335992884284224,0.047051069352969294
47,0,526.338800621155,434.52288156642516,-0.029512419557477187,0.040378804557235526,0.05001430560957521
48,0,526.336612091803,434.46643522892526,-0.0021885293519972038,-0.05644633749989225,0.05648874824136481
49,0,526.3796116985611,434.4832039539423,0.04299960675814418,0.016768725017016095,0.046153616543574784
50,0,526.420066877002,434.5089239026107,0.040455178440879536,0.02571994866843852,0.04793889049811767
51,0,526.428945794552,434.52218560923615,0.008878917549964171,0.01326170662542836,0.01595957516596204
52,0,526.4080653407037,434.5185965228154,-0.020880453848235447,-0.0035890864207317463,0.02118666784191822
53,0,526.3849704930077,434.47554267276115,-0.02309484769602932,-0.043053850054263876,0.048856995349671556
54,0,526.3973964472641,434.4637135257461,0.012425954256400473,-0.011829147015077979,0.01715613762728911
55,0,526.3880791866789,434.4519645537145,-0.009317260585248732,-0.011748972031568883,0.014994988783324162
56,0,526.3290365650098,434.3653314273459,-0.05904262166905028,-0.08663312636861065,0.10483954291179577
57,0,526.3480645733035,434.403717896444,0.019028008293730636,0.03838646909809995,0.04284374060986814
58,0,526.4217057013057,434.49386810454473,0.07364112800212297,0.09015020810073793,0.1164047926592003
59,0,526.4361349485823,434.512696625999,0.014429247276666501,0.0188285214542816,0.023721644064556954
60,0,526.3441585847867,434.46631129972747,-0.0919763637956521,-0.046385326271547456,0.10301092170439043
61,0,526.3460739430593,434.4452415501331,0.0019153582726403329,-0.021069749594346376,0.021156628873264072
62,0,526.4125414497347,434.46601405402504,0.06646750667539436,0.020772503891919314,0.06963782278032102
63,0,526.4414384223728,434.4095426063818,0.02889697263810831,-0.05647144764321865,0.06343547451204543
64,0,526.4423270720308,434.4354523344936,0.0008886496580089442,0.025909728111798813,0.025924963048035713
65,0,526.4102033580359,434.49022686267705,-0.03212371399490621,0.05477452818342954,0.06349946408076095
66,0,526.3671208519536,434.4422011089863,-0.04308250608232811,-0.04802575369075157,0.06451802343453011
67,0,526.3816491640226,434.4554511081533,0.014528312069046478,0.013249999166987436,0.01966301933836127
68,0,526.3680636357423,434.4304770022285,-0.013585528280373182,-0.024974105924798096,0.028430134459756867
69,0,526.3638059467359,434.45018469485973,-0.004257689006408327,0.01970769263124339,0.02016236753267967
70,0,526.3678029238534,434.4811828573611,0.003996977117594724,0.030998162501362003,0.03125479010550897
71,0,526.3560113668685,434.4905697005852,-0.011791556984917406,0.009386843224092445,0.015071617094467492
72,0,526.4021377668095,434.470165759007,0.04612639994093115,-0.020403941578194917,0.050437739872412256
73,0,526.505136479152,434.4869934565852,0.10299871234258262,0.01682769757820779,0.10436429537928046
74,0,526.5230866255014,434.4403208731064,0.017950146349335228,-0.046672583478823526,0.05000537773630256
75,0,526.4422037051756,434.43662093947535,-0.08088292032573463,-0.0036999336310259423,0.08096750156262161
76,0,526.3803089556494,434.47023526556575,-0.06189474952623186,0.03361432609040094,0.07043353560220293
77,0,526.3604156625693,434.4771114283149,-0.01989329308014476,0.00687616274916536,0.021048152501479664
78,0,526.3594124754816,434.4518498883683,-0.001003187087690094,-0.025261539946598077,0.025281451398337054
79,0,526.423319425186,434.44546216515727,0.0639069497044602,-0.006387723211048524,0.06422539395246536
80,0,526.4043986087421,434.44345127051565,-0.018920816443937838,-0.0020108946416144136,0.019027374810121917
81,0,526.3737983361461,434.4763304423906,-0.030600272595961542,0.032879171874924396,0.04491566125671506
82,0,526.4094827047995,434.49478030145866,0.035684368653392085,0.018449859068084606,0.040171774491841596
83,0,526.4182755066655,434.45099280635594,0.008792801865979527,-0.04378749510271973,0.04466159526959463
84,0,526.4408910844576,434.4443460105693,0.022615577792066688,-0.006646795786650728,0.023572107523479054
85,0,526.4454140741556,434.4566482211249,0.004522989697989033,0.012302210555617421,0.01310731934313266
86,0,526.4332660763773,434.47964295831616,-0.012147997778242825,0.022994737191254444,0.026006379765646983
87,0,526.4032759340344,434.51379105021897,-0.029990142342967374,0.03414809190280721,0.045447781225864174
88,0,526.4081203413782,434.4972264568242,0.004844407343853163,-0.016564593394775784,0.01725844827461113
89,0,526.4058347029707,434.4332538762665,-0.0022856384075566893,-0.06397258055767452,0.06401339864542621
90,0,526.4307509187017,434.43072123270775,0.024916215731082048,-0.0025326435587658125,0.025044602008288702
91,0,526.424483966575,434.47299322106323,-0.006266952126679826,0.042271988355480516,0.04273401091032735
92,0,526.4291919387013,434.45833715889626,0.004707972126198001,-0.01465606216697779,0.015393672719119861
93,0,526.4262099627911,434.47856928106273,-0.002981975910188339,0.020232122166476074,0.02045069553066976
94,0,526.4397603792297,434.5032963732017,0.013550416438647517,0.02472709213895996,0.028196504593821278
95,0,526.4109689758554,434.4573577760846,-0.028791403374270885,-0.04593859711707182,0.05421530792446554
96,0,526.3724436215866,434.42815469962324,-0.03852535426881332,-0.029203076461385535,0.048342761571378005
97,0,526.3717987043079,434.4515021554001,-0.0006449172786915369,0.023347455776843162,0.02335636122233089
98,0,526.4151750757317,434.453720171882,0.04337637142373296,0.0022180164819474157,0.04343304266343573
99,0,526.4057419425882,434.4364302948556,-0.009433133143488703,-0.017289877026428258,0.019695782505191224
100,0,526.3650329863482,434.4270323121187,-0.04070895623999604,-0.009397982736913946,0.0417796744562861
101,0,526.420571542996,434.4672576919259,0.055538556647775295,0.04022537980722518,0.06857559664453285
102,0,526.4199363276252,434.4494356544763,-0.0006352153707211983,-0.017822037449604977,0.017833354071018798
103,0,526.4374978662057,434.44909738120305,0.017561538580480374,-0.00033827327325752776,0.01756479621632716
104,0,526.4749051315439,434.46225836849936,0.03740726533817451,0.013160987296316762,0.039654950342856356
105,0,526.4376738485439,434.456421426389,-0.037231282999982795,-0.005836942110363452,0.03768604950143411
106,0,526.4295114684705,434.42010826189284,-0.008162380073372333,-0.03631316449616406,0.037219220359750366
107,0,526.4211510274542,434.4220084641434,-0.008360441016293407,0.0019002022505674177,0.0085736656442844
108,0,526.474993026197,434.48389740346533,0.05384199874276874,0.06188893932193196,0.08203171117933653
109,0,526.494552152967,434.4693603136012,0.019559126769991053,-0.01453708986412039,0.024369785015918636
110,0,526.4627446978396,434.4833191267989,-0.03180745512736394,0.013958813197689324,0.03473561094276673
111,0,526.4301455665119,434.486270551461,-0.032599131327742725,0.002951424662114732,0.03273246508986997
112,0,526.3868408265814,434.42886701064197,-0.0433047399304769,-0.05740354081905252,0.0719059594123524
113,0,526.404059485462,434.4130550756413,0.01721865888055163,-0.01581193500067002,0.023377328806136365
114,0,526.4438378418536,434.4177546602358,0.03977835639159366,0.004699584594504813,0.040055008832573576
115,0,526.4177220001073,434.44996667060207,-0.026115841746218393,0.03221201036626553,0.041468672536626026
116,0,526.3802872169698,434.3777006108738,-0.03743478313754167,-0.07226605972829248,0.08138640167256389
117,0,526.3794525342556,434.37394173204586,-0.0008346827141849644,-0.0037588788279094842,0.0038504370240617304
118,0,526.4261060186755,434.42014581931085,0.04665348441983497,0.04620408726498226,0.06566098756873734
119,0,526.4230916185904,434.43029654015396,-0.003014400085021407,0.010150720843114414,0.01058884986707312
120,0,526.3354159544926,434.40058741024126,-0.08767566409778738,-0.029709129912703247,0.09257242826650881
121,0,526.3272757474515,434.46155912749407,-0.00814020704115137,0.06097171725281214,0.06151270824333521
122,0,526.3901348716489,434.45537789611586,0.06285912419741635,-0.0061812313782070305,0.06316230771763445
123,0,526.4296072534252,434.42170589909216,0.039472381776249676,-0.033671997023702716,0.051883256515510394
124,0,526.4301231027962,434.4197568816371,0.0005158493710268885,-0.001949017455046942,0.0020161273803176462
125,0,526.4800614368196,434.45187645830583,0.04993833402340897,0.032119576668719674,0.05937595818520597
126,0,526.5096157386654,434.49760570125426,0.029554301845791997,0.04572924294842551,0.05444832796540504
127,0,526.512071841245,434.45915285021084,0.0024561025795719615,-0.03845285104341656,0.03853121063824185
128,0,526.4781964538145,434.40029696511226,-0.03387538743049845,-0.05885588509858053,0.06790844633993393
129,0,526.4419649207821,434.4044238066925,-0.03623153303237814,0.004126841580216478,0.036465803258731486
130,0,526.4022536692927,434.4286675887427,-0.03971125148939336,0.024243782050234586,0.04652681445094993
131,0,526.3978363542375,434.4602680210398,-0.004417315055206927,0.03160043229706844,0.03190767922708519
132,0,526.4271500365337,434.47788149119685,0.029313682296219667,0.017613470157073152,0.03419833768968616
133,0,526.4512950469933,434.48387182479826,0.024145010459619698,0.005990333601403108,0.024877010004243753
134,0,526.4889059205392,434.4197827763681,0.03761087354587289,-0.06408904843016217,0.07431005273559771
135,0,526.510368093149,434.4300091590029,0.0214621726098585,0.010226382634812126,0.02377401427880759
136,0,526.489836091943,434.3976849380565,-0.020532001206106543,-0.03232422094640697,0.03829384197648097
137,0,526.4596459980692,434.47561592379475,-0.030190093873784463,0.07793098573824864,0.0835743998258021
138,0,526.4176812405598,434.4127399556164,-0.04196475750939044,-0.06287596817833219,0.07559383736247673
139,0,526.4761828375289,434.5195988318207,0.058501596969108505,0.10685887620428502,0.1218246948347449
140,0,526.4518082537685,434.43705937455877,-0.024374583760391033,-0.08253945726193024,0.08606324615412973
141,0,526.4604008904562,434.37618035177223,0.008592636687694721,-0.06087902278653701,0.06148242692583312
142,0,526.4342171758504,434.38777465960305,-0.026183714605735986,0.011594307830819162,0.028635902022294085
143,0,526.4597039375524,434.45087342182165,0.025486761701927207,0.06309876221860122,0.06805166284206728
144,0,526.4534249417294,434.44101227286427,-0.006278995822981415,-0.009861148957384103,0.011690510994166835
145,0,526.495538703987,434.45989293569465,0.042113762257599774,0.0188806628303837,0.04615244739344023
146,0,526.4922505041592,434.45104188479587,-0.003288199827807148,-0.008851050898783797,0.009442105703732214
147,0,526.442194017813,434.40191698794047,-0.050056486346193196,-0.04912489685540322,0.07013492223122965
148,0,526.451185692559,434.47102100771514,0.008991674745971068,0.06910401977467018,0.0696865536797117
149,0,526.4319057220257,434.42132104650955,-0.019279970533261803,-0.04969996120559017,0.053308567862967504
150,0,526.4905616440607,434.48925712528427,0.05865592203497272,0.06793607877472141,0.08975426446168422
151,0,526.5157581852836,434.44826943692493,0.025196541222953783,-0.04098768835933697,0.04811295341841048
152,0,526.5207545616274,434.47784487204626,0.0049963763437972375,0.02957543512133043,0.029994501815914232
153,0,526.4932310862798,434.44660360184514,-0.027523475347607018,-0.03124127020112155,0.04163602597498729
154,0,526.4360116931865,434.47383495335265,-0.05721939309330537,0.02723135150750977,0.06336880502969704
155,0,526.4132612512284,434.45179068602727,-0.0227504419581237,-0.022044267325384226,0.031678578427747635
156,0,526.4174993111335,434.42101336997484,0.004238059905105729,-0.030777316052422066,0.031067737850541063
157,0,526.5451466147746,434.48784084342753,0.12764730364108345,0.06682747345269036,0.1440824254894017
158,0,526.5417578933,434.45672938259634,-0.003388721474607337,-0.0311114608311982,0.03129546977253489
159,0,526.4883216640502,434.46851225231353,-0.053436229249768985,0.011782869717194444,0.05471989231720256
160,0,526.3842092823588,434.39199997580414,-0.1041123816913796,-0.07651227650939063,0.12920339189859126
161,0,526.3872056641492,434.4353474897142,0.002996381790353553,0.04334751391007785,0.04345095241784644
162,0,526.4982834476808,434.4496401468356,0.11107778353164122,0.014292657121359298,0.111993544643836
163,0,526.5865091150501,434.49170411983914,0.08822566736932913,0.04206397300356457,0.09774019750137665
164,0,526.5426027810649,434.4861794203246,-0.04390633398520549,-0.005524699514523945,0.044252553245504284
165,0,526.4904987283878,434.4456169095896,-0.052104052677123036,-0.04056251073501471,0.06603142874804842
166,0,526.3773428216293,434.4067349155043,-0.11315590675849307,-0.03888199408532955,0.11964977517065538
167,0,526.3955981008888,434.42159715710443,0.018255279259506096,0.014862241600155812,0.023540209137217865
168,0,526.5105575014317,434.45845353350046,0.11495940054282983,0.03685637639603101,0.12072305601753418
169,0,526.5610561318082,434.43123020806956,0.05049863037652358,-0.027223325430895784,0.057369165214609906
170,0,526.5551775662526,434.4872334792009,-0.0058785655555766425,0.05600327113131698,0.056310957285407734
171,0,526.4693705009425,434.4473497671122,-0.08580706531006399,-0.03988371208868102,0.09462326852893208
172,0,526.4068116597998,434.46053846891544,-0.06255884114273158,0.013188701803244385,0.06393395389287626
173,0,526.4024002242306,434.4601521842765,-0.004411435569181776,-0.0003862846389210972,0.004428315662112238
174,0,526.4478279137386,434.446813008718,0.04542768950796017,-0.013339175558542138,0.04734562892826794
175,0,526.4767424298539,434.39614518526,0.028914516115264632,-0.05066782345795673,0.05833761716205564
176,0,526.480449924906,434.401932000516,0.003707495052140075,0.005786815255987676,0.006872608701837669
177,0,526.5213875748925,434.45834910722556,0.0409376499865175,0.056417106709545806,0.06970495761346458
178,0,526.4976460585548,434.476560898019,-0.023741516337736357,0.018211790793429827,0.029922047421903762
179,0,526.4706635776288,434.4514950922829,-0.026982480925994423,-0.02506580573606243,0.03682864230622238
180,0,526.4131303505513,434.3856310024859,-0.05753322707744246,-0.06586408979700309,0.08745370514010396
181,0,526.4225611320882,434.3492658719301,0.009430781536821087,-0.036365130555850556,0.03756810296966432
182,0,526.4763139212182,434.40995767791577,0.05375278913004422,0.06069180598569801,0.08107316234774987
183,0,526.5337904721802,434.4747503051622,0.057476550961951034,0.06479262724644741,0.08661199949186507
184,0,526.5470253859996,434.51565301141466,0.013234913819474059,0.04090270625243875,0.04299063063717718
185,0,526.5129856558171,434.51088590460444,-0.03403973018248507,-0.004767106810220412,0.03437191496318521
186,0,526.437659934769,434.43929848974227,-0.07532572104810242,-0.07158741486216513,0.10391690054107793
187,0,526.3988800478656,434.3787169102703,-0.03877988690339862,-0.060581579471943314,0.0719305734688371
188,0,526.5097609863525,434.3702282918355,0.11088093848684366,-0.008488618434853379,0.11120539178769949
189,0,526.571009187399,434.42388781867817,0.061248201046510076,0.053659526842693595,0.08142903015764999
190,0,526.5749270280988,434.5110540602878,0.00391784069984169,0.08716624160962283,0.08725424432138805
191,0,526.4307952672259,434.4395107386942,-0.14413176087293778,-0.07154332159359456,0.160911190900379
192,0,526.4208713852341,434.4431033108645,-0.009923881991767303,0.003592572170305175,0.010554146511460536
193,0,526.4470248459255,434.41165304937806,0.026153460691375585,-0.03145026148644092,0.04090381954904501
194,0,526.4804575348343,434.4320426477633,0.03343268890876061,0.02038959838523624,0.03915967836922557
195,0,526.5018638241405,434.44865749825385,0.021406289306241888,0.016614850490555,0.027097647106086933
196,0,526.5145892154233,434.49082284225284,0.012725391282742748,0.04216534399898819,0.04404374890778389
197,0,526.4934656288075,434.4613023818667,-0.021123586615772183,-0.02952046038615208,0.0362996348869297
198,0,526.4575722912035,434.43942710429894,-0.03589333760396585,-0.021875277567744433,0.04203402732332617
199,0,526.4960675550733,434.3996271693047,0.03849526386977686,-0.039799934994221076,0.05537075189978886
200,0,526.5097476585811,434.38817418986304,0.013680103507795138,-0.01145297944168533,0.017841411661515344
201,0,526.499962701456,434.4626922189625,-0.009784957125134497,0.07451802909946537,0.07515771448633525
202,0,526.5044897810599,434.47401362855345,0.0045270796039176275,0.011321409590948406,0.012192980147044672
203,0,526.4955131277196,434.4551247664592,-0.008976653340255325,-0.018888862094229353,0.02091337888543914
204,0,526.5147537135982,434.4741152435589,0.019240585878605998,0.018990477099691816,0.027034022368599385
205,0,526.4612858057235,434.3882503754111,-0.0534679078747331,-0.08586486814783711,0.10115133590094794
206,0,526.4407779709417,434.4138375258421,-0.020507834781824386,0.02558715043102211,0.03279136402497403
207,0,526.4791998317728,434.4942289190852,0.038421860831135746,0.08039139324307598,0.08910115317598333
208,0,526.4827471530917,434.4449304038622,0.0035473213189334274,-0.04929851522297213,0.04942597588039486
209,0,526.4961036991857,434.41717792823346,0.01335654609397352,-0.027752475628744833,0.030799305626661704
210,0,526.5985375687427,434.42606033075697,0.10243386955698952,0.008882402523511246,0.10281826057178765
211,0,526.5538702004047,434.44510362872893,-0.04466736833796858,0.019043297971961692,0.04855739894072456
212,0,526.4915454556017,434.41782639991527,-0.062324744803049725,-0.02727722881365935,0.0680324997814868
213,0,526.4666148548725,434.376367806801,-0.02493060072913522,-0.041458593114271025,0.048377161923062816
214,0,526.5088721740923,434.4543901173402,0.042257319219743295,0.07802231053921105,0.08873084001358474
215,0,526.5020244349798,434.446894696609,-0.006847739112458839,-0.007495420731231661,0.010152480627436624
216,0,526.4944294825426,434.4487350267211,-0.007594952437216307,0.0018403301121452387,0.007814737196172782
217,0,526.4765671271949,434.4415695972089,-0.017862355347688208,-0.007165429512212995,0.019245963697918027
218,0,526.4845782193089,434.4057679570406,0.008011092113974883,-0.035801640168301674,0.03668698727885873
219,0,526.5084861259487,434.45447863243004,0.023907906639806242,0.048710675389429525,0.05426156924372964
220,0,526.4889104527141,434.472908136592,-0.019575673234612623,0.018429504161986188,0.026885936960518882
221,0,526.4443165945403,434.44539576467065,-0.044593858173811896,-0.027512371921375234,0.05239792739761876
222,0,526.4148945016952,434.4115565654516,-0.029422092845038605,-0.033839199219073635,0.04484139773881079
223,0,526.4577190559054,434.40206463238314,0.042824554210142196,-0.00949193306843199,0.04386387165621613
224,0,526.5005090328082,434.4374959320588,0.042789976902781746,0.03543129967567893,0.05555500985553293
225,0,526.5142411463996,434.4193568776684,0.013732113591458983,-0.018139054390417186,0.02275074147950448
226,0,526.515896290585,434.456982966235,0.0016551441854062432,0.037626088566582894,0.03766247526510737
227,0,526.4638365213507,434.42990870579126,-0.052059769234347186,-0.02707426044372596,0.058679086149225144
228,0,526.5035055465411,434.4486868021184,0.03966902519039195,0.018778096327139338,0.04388904716700141
229,0,526.4662542344985,434.4288088156281,-0.03725131204259924,-0.01987798649031447,0.04222315236696833
230,0,526.4759922473269,434.38714052268426,0.009738012828393039,-0.041668292943825236,0.04279106835191642
231,0,526.4912326801457,434.4302076690111,0.015240432818814043,0.04306714632684816,0.045684241103940156
232,0,526.5223348566215,434.45116607543747,0.03110217647576974,0.020958406426359488,0.03750466879552986
233,0,526.5231470526733,434.4030730440813,0.0008121960518110427,-0.048093031356188476,0.048099889058644464
234,0,526.4588654462423,434.3591022945798,-0.06428160643099545,-0.04397074950145452,0.07788165212082407
235,0,526.4258231347823,434.4714747836216,-0.03304231146000802,0.11237248904177477,0.11712971715181408
236,0,526.4115536626188,434.47818172236504,-0.01426947216350527,0.006706938743434421,0.015767081630195027
237,0,526.4575502351936,434.4300689368631,0.045996572574836136,-0.0481127855019281,0.06656218759466001
238,0,526.4687270030679,434.43605862166226,0.01117676787430355,0.005989684799146744,0.012680554566311106
239,0,526.5223896153603,434.4526093305173,0.053662612292441736,0.016550708855049834,0.05615694010230208
240,0,526.4521572831292,434.4244708645391,-0.07023233223117131,-0.02813846597820202,0.07565945914580713
241,0,526.413142265127,434.4300984910451,-0.03901501800214646,0.005627626505997796,0.03941880020750024
242,0,526.4556590814728,434.41410726098496,0.04251681634582383,-0.015991230060137696,0.045424653119432445
243,0,526.4890048789562,434.44919255995046,0.033345797483320894,0.03508529896549817,0.04840372313466224
244,0,526.4856048982404,434.45631148250806,-0.0033999807158124895,0.007118922557594942,0.007889165180735597
245,0,526.4995225212147,434.4816033972734,0.013917622974304322,0.02529191476531878,0.028868342206490375
246,0,526.4805059477058,434.42020529915754,-0.01901657350890673,-0.061398098115830635,0.0642756292871631
247,0,526.4736147181911,434.38227902705023,-0.006891229514621955,-0.03792627210731325,0.03854725878945433
248,0,526.4742352621071,434.3834826945456,0.0006205439159430171,0.0012036674953606052,0.001354212018482175
249,0,526.4831767392812,434.38311346744575,0.008941477174175816,-0.00036922709983855384,0.008949097312442318
250,0,526.489747610002,434.4074934811917,0.006570870720793209,0.024380013745940232,0.02524997846101284
251,0,526.519878466388,434.4362425122687,0.030130856385994775,0.02874903107698401,0.04164583165718791
252,0,526.4454696480092,434.4332283943683,-0.07440881837885627,-0.0030141179003635443,0.0744698406017826
253,0,526.4519183682474,434.3802474924236,0.006448720238267924,-0.05298090194469296,0.05337192111573853
254,0,526.4726976068066,434.4420883603639,0.02077923855915742,0.061840867940304634,0.06523855993742177
255,0,526.5077043234922,434.47514286299395,0.03500671668564337,0.03305450263002285,0.04814634313452154
256,0,526.5082778977012,434.4477494448333,0.0005735742089427731,-0.027393418160670535,0.027399422364322183
257,0,526.4924088506586,434.4492490025185,-0.01586904704254266,0.0014995576852356862,0.015939740502586026
258,0,526.4846672694466,434.41838833483774,-0.007741581212030724,-0.030860667680769893,0.03181686485757801
259,0,526.4770557037365,434.41693991133434,-0.007611565710135437,-0.0014484235034046833,0.007748152244562873
260,0,526.4929236413041,434.43090351824765,0.015867937567577428,0.013963606913307558,0.02113702345832794
261,0,526.4923154386834,434.4288428062787,-0.0006082026206968294,-0.002060711968965734,0.00214859122376992
262,0,526.5131829990222,434.4554174043514,0.02086756033884285,0.02657459807272744,0.0337885237502655
263,0,526.5094976328022,434.4439694808226,-0.003685366219997377,-0.011447923528805859,0.012026507277546733
264,0,526.503568225896,434.40569689885166,-0.005929406906261647,-0.03827258197094352,0.038729167264254655
265,0,526.4673158461952,434.4075565547018,-0.03625237970072703,0.0018596558501258187,0.036300046196204666
266,0,526.4993991009478,434.461400957409,0.03208325475259244,0.053844402707227346,0.06267818550674402
267,0,526.5138824601577,434.46878080391735,0.014483359209862101,0.00737984650834278,0.016255147753514776
268,0,526.5300237635687,434.45454071579576,0.01614130341101827,-0.014240088121596273,0.021524910813227015
269,0,526.4954078207987,434.40840287065055,-0.034615942769960384,-0.046137845145210576,0.05767984265318868
270,0,526.5218940823793,434.38475793372095,0.026486261580544124,-0.02364493692959968,0.03550500098461841
271,0,526.5166345901393,434.43262519675284,-0.005259492239929386,0.047867263031889706,0.04815534371994444
272,0,526.4863825535203,434.3954790229314,-0.030252036619003775,-0.0371461738214407,0.04790640822656434
273,0,526.5096146996237,434.456093511971,0.02323214610339619,0.06061448903960809,0.06491416558889374
274,0,526.489319303523,434.43346366158795,-0.020295396100777907,-0.022629850383054873,0.030397585944395646
275,0,526.5059790352194,434.47404461991016,0.016659731696449853,0.040580958322209426,0.04386753741146857
276,0,526.4991186428102,434.48343582186277,-0.006860392409180349,0.009391201952610118,0.011630118577325316
277,0,526.517152682507,434.4611649813935,0.018034039696772197,-0.0222708404692753,0.028656882646105556
278,0,526.5027275100736,434.46109444142434,-0.014425172433448097,-7.053996915828975e-05,0.014425344904783376
279,0,526.503161484326,434.4492744537918,0.0004339742524734902,-0.011819987632520679,0.011827951694386975
280,0,526.4671764160627,434.40101406551577,-0.03598506826335779,-0.048260388276048616,0.06019958649752912
281,0,526.4547041405443,434.3958863790175,-0.012472275518348397,-0.005127686498269668,0.013485207652466084
282,0,526.4731126430755,434.42198393503537,0.01840850253120152,0.026097556017873558,0.03193674052791395
283,0,526.5020222609112,434.42140164553325,0.028909617835665813,-0.0005822895021196928,0.02891548139783472
284,0,526.4795338670633,434.44209840372383,-0.022488393847879706,0.020696758190581477,0.030562782227028275
285,0,526.4707541157688,434.42578929792137,-0.008779751294468952,-0.016309105802463364,0.018522174949737232
286,0,526.4751523856338,434.42410355479524,0.004398269864964277,-0.001685743126131456,0.004710255586733308
287,0,526.5033471840114,434.44135365539006,0.028194798377626284,0.017250100594822015,0.03305317875918255
288,0,526.5341584529453,434.43015887432733,0.030811268933916836,-0.011194781062727088,0.0327819678536927
289,0,526.552181872325,434.48178432475436,0.018023419379687766,0.051625450427025044,0.05468117388945966
290,0,526.5084708451448,434.43478451194727,-0.043711027180279416,-0.04699981280708698,0.06418439297100459
291,0,526.4867020841941,434.4070732267537,-0.021768760950635624,-0.027711285193561253,0.03523910158339462
292,0,526.5206744651575,434.43654265152,0.03397238096340516,0.029469424766318753,0.04497298816379065
293,0,526.5647756280584,434.43381061390386,0.04410116290091537,-0.0027320376161696913,0.04418570581929455
294,0,526.5590099662942,434.4498218923021,-0.005765661764257857,0.01601127839825267,0.017017752246585846
295,0,526.5567003660922,434.48738808834344,-0.0023096002020110973,0.037566196041325384,0.037637127123472384
296,0,526.5019096567408,434.41406293355675,-0.05479070935132313,-0.07332515478668711,0.0915346937270934
297,0,526.5163483364774,434.39686567715034,0.014438679736599624,-0.017197256406404904,0.02245486807896513
298,0,526.5377398911631,434.42438431470634,0.021391554685692427,0.027518637555999703,0.03485504303267243
299,0,526.5697706538158,434.4257711813247,0.03203076265265281,0.0013868666183611822,0.03206077284046195
300,0,526.5103136998611,434.4220239855236,-0.05945695395473649,-0.0037471958011110473,0.059574917960056976
301,0,526.4728632006783,434.4352014513134,-0.03745049918279619,0.013177465789794951,0.03970120267299008
302,0,526.4990019892452,434.4466601792221,0.02613878856698193,0.01145872790868907,0.02854012461491286
303,0,526.540414683711,434.4626316322853,0.041412694465748245,0.01597145306323,0.044385792500127495
304,0,526.580228182043,434.4263457543598,0.0398134983320233,-0.03628587792553617,0.05386816858090625
305,0,526.5632865909707,434.4306579993783,-0.01694159107228188,0.004312245018525118,0.017481789529685335
306,0,526.512962262343,434.4112837360891,-0.05032432862776659,-0.019374263289194005,0.05392494904804694
0,1,538.9381803272228,197.63916961300885,,,
1,1,538.9523122150486,197.66543708523685,0.014131887825783451,0.026267472227999633,0.029827677595972144
2,1,538.9539495925652,197.62601027190254,0.0016373775166584892,-0.03942681333430187,0.039460798456568795
3,1,538.9408320222271,197.60572537703325,-0.013117570338067708,-0.020284894869291747,0.024156730147773982
4,1,538.9221522689483,197.57168233789866,-0.01867975327888871,-0.034043039134587616,0.03883119488348533
5,1,538.9073484720699,197.59562286321943,-0.014803796878368303,0.023940525320767847,0.028147844582672995
6,1,538.9098153618432,197.589854349826,0.002466889773359071,-0.005768513393434205,0.00627385781829118
7,1,538.9139192115042,197.60502545179628,0.004103849660964443,0.015171101970281597,0.015716358262411814
8,1,538.8988757842424,197.62101038852177,-0.015043427261844045,0.01598493672548784,0.021950464821963167
9,1,538.9309002186635,197.5962968718603,0.032024434421146,-0.024713516661478252,0.04045148088477656
10,1,538.912764880514,197.5908644871316,-0.01813533814947732,-0.005432384728692341,0.018931489472210506
11,1,538.8920796334081,197.57924837774365,-0.02068524710591646,-0.011616109387944107,0.023723689534840664
12,1,538.9171437006373,197.5821246163459,0.025064067229209286,0.0028762386022549435,0.025228559502425505
13,1,538.9333397888092,197.66456087827777,0.01619608817190965,0.0824362619318606,0.08401220478817706
14,1,538.9439928697516,197.64598913156075,0.010653080942347515,-0.018571746717015003,0.021410229089973917
15,1,538.9301105351225,197.59381504033493,-0.013882334629101933,-0.052174091225822394,0.05398939719977248
16,1,538.8989024719383,197.5707102922558,-0.0312080631841809,-0.02310474807913465,0.03883004753419836
17,1,538.8724967164883,197.54917835313245,-0.026405755450014112,-0.021531939123349275,0.034071811271160345
18,1,538.9168899101917,197.59032428802382,0.04439319370339945,0.04114593489137519,0.0605288658845747
19,1,538.9962513001927,197.6210610697171,0.07936139000105413,0.030736781693263993,0.08510569882069463
20,1,539.0210445428492,197.6134046438806,0.024793242656414805,-0.007656425836472636,0.02594852092141809
21,1,538.9777227922636,197.56943140787757,-0.04332175058550547,-0.04397323600304048,0.061728595953349195
22,1,538.8301668306395,197.61919834126567,-0.1475559616241071,0.04976693338809923,0.1557225400180413
23,1,538.8359367512624,197.55678347450595,0.005769920622810787,-0.062414866759723964,0.06268099852928025
24,1,538.8852982333237,197.5808350235109,0.049361482061385686,0.024051549004951767,0.054909315428569104
25,1,538.9413162324278,197.6145888185903,0.056017999104028604,0.03375379507940579,0.0654013371872584
26,1,538.9713046629091,197.59955019401988,0.029988430481353134,-0.015038624570422598,0.03354796851830328
27,1,538.9690085605106,197.60049539670968,-0.0022961023985317297,0.0009452026897918131,0.002483041350709416
28,1,538.9261951208164,197.5505301260159,-0.04281343969421414,-0.04996527069377521,0.06579907973484388
29,1,538.8881088438951,197.5840670248953,-0.03808627692126265,0.033536898879390264,0.050747296244918826
30,1,538.8591565656667,197.63991731037518,-0.028952278228416617,0.05585028547989168,0.06290857495446107
31,1,538.8989009902672,197.60085069217243,0.03974442460048522,-0.039066618202753034,0.05572988376646168
32,1,538.9774521047673,197.6062500344229,0.078551114500101,0.005399342250484551,0.07873646223920557
33,1,538.9986811904087,197.58219318404736,0.021229085641380152,-0.02405685037555827,0.03208435954107626
34,1,538.9581992125499,197.55596238406457,-0.040481977858803475,-0.026230799982783992,0.04823738590655048
35,1,538.9022296231483,197.5633847310015,-0.055969589401570374,0.007422346936920121,0.05645959769456727
36,1,538.8584182794822,197.58260792220358,-0.04381134366610695,0.019223191202087264,0.04784312817763628
37,1,538.8570048764628,197.5683984518187,-0.0014134030193417857,-0.014209470384884071,0.01427959231609859
38,1,538.9268930174909,197.54116849793326,0.06988814102805918,-0.027229953885438363,0.07500548409923763
39,1,538.9589346706983,197.61091367126235,0.03204165320744323,0.06974517332909613,0.07675321975638363
40,1,538.9763894525536,197.61156576645908,0.017454781855235524,0.0006520951967274868,0.017466958457598
41,1,538.947979802378,197.597785715547,-0.02840965017560393,-0.013780050912089337,0.0315752755528747
42,1,538.9403837409435,197.57690860808907,-0.007596061434469448,-0.020877107457920374,0.02221606997481302
43,1,538.9417997277683,197.57872553050888,0.001415986824781612,0.001816922419806133,0.0023035246401003147
44,1,538.9751593524912,197.577033057988,0.033359624722947956,-0.0016924725208866676,0.03340253021688442
45,1,538.9686580283975,197.60457026974854,-0.006501324093733274,0.027537211760545688,0.028294261724188752
46,1,538.9358082618965,197.6243674319275,-0.03284976650104454,0.01979716217897476,0.03835407135512183
47,1,538.9518207495977,197.58260334973926,0.016012487701232203,-0.04176408218825145,0.044728495653320766
48,1,538.9358588559439,197.56828387317623,-0.015961893653752668,-0.01431947656303123,0.02144363444131872
49,1,538.9549393217958,197.57916581895526,0.019080465851857298,0.01088194577903323,0.021965448346476145
50,1,538.9731232466451,197.60715953711963,0.018183924849267896,0.027993718164367465,0.033381183016631684
51,1,538.9989692215859,197.610356036659,0.025845974940807537,0.003196499539370734,0.026042888279644568
52,1,539.0091251199758,197.59889026657964,0.010155898389939466,-0.011465770079354343,0.01531685854277542
53,1,538.9752281838794,197.61183739864487,-0.033896936096425634,0.012947132065221467,0.036285403476321566
54,1,538.992145572799,197.56597538007242,0.016917388919637233,-0.04586201857244987,0.04888274537500939
55,1,538.9765541230769,197.57746470451613,-0.01559144972213744,0.011489324443715532,0.019367443832651196
56,1,538.9563414383271,197.59982217622132,-0.020212684749822074,0.022357471705191756,0.03013982690468112
57,1,538.9831916802552,197.5943967418139,0.02685024192817309,-0.005425434407413832,0.027392897439127793
58,1,539.006190283238,197.6185788284713,0.022998602982738703,0.0241820866573903,0.033372279728289045
59,1,538.9950777633816,197.59961506884036,-0.01111251985639683,-0.01896375963093533,0.021979815215299382
60,1,538.9472667160423,197.61251112337843,-0.04781104733922348,0.012896054538060753,0.049519738189151466
61,1,538.9182326438836,197.61151722616478,-0.02903407215876541,-0.0009938972136467328,0.029051078771565292
62,1,538.9568299119042,197.60661873562353,0.038597268020566844,-0.004898490541251022,0.03890686710895903
63,1,538.9888178392704,197.59531638718417,0.031987927366230906,-0.011302348439357957,0.03392595728099535
64,1,539.0062480171515,197.60233355039435,0.01743017788112411,0.007017163210178978,0.018789669515079755
65,1,538.9763610277311,197.64058584819375,-0.029886989420447208,0.03825229779940287,0.048543490022371946
66,1,538.9373271427725,197.5744855658025,-0.03903388495859872,-0.06610028239126109,0.07676517118567235
67,1,538.9576038496506,197.58563818455457,0.02027670687812133,0.01115261875207807,0.023141429230936802
68,1,538.9817077463448,197.60375383592995,0.0241038966942142,0.018115651375381958,0.030152523287441942
69,1,538.9622826674138,197.63835779783201,-0.019425078931021744,0.034603961902064384,0.03968334500512713
70,1,538.9464044087347,197.59689007382877,-0.01587825867909487,-0.04146772400324039,0.044403729941179165
71,1,538.9161888695478,197.55854490846718,-0.03021553918688369,-0.038345165361590716,0.04881936618762927
72,1,538.9376460549115,197.60638605697144,0.021457185363715325,0.047841148504261355,0.05243268345163756
73,1,539.0254326936284,197.61392477427222,0.0877866387169206,0.007538717300775488,0.08810973950566507
74,1,539.0341780005772,197.5923671958628,0.00874530694875375,-0.02155757840941419,0.023263911547845118
75,1,539.0213771232071,197.63715864124157,-0.01280087737006852,0.04479144537876323,0.046584718959786185
76,1,538.9438905035419,197.61023445104544,-0.07748661966525106,-0.026924190196126574,0.08203102001599438
77,1,538.9471880366993,197.61396979231432,0.003297533157478938,0.0037353412688787557,0.00498261972456877
78,1,538.9814733988811,197.63668740263688,0.03428536218177669,0.022717610322558812,0.041128771908522065
79,1,539.0034631152295,197.59239214880918,0.02198971634834379,-0.04429525382769839,0.04945318126006503
80,1,539.0164758489085,197.61873136282603,0.013012733679033772,0.02633921401684347,0.02937831569077001
81,1,538.9487959057459,197.58876008751332,-0.06767994316260229,-0.029971275312703938,0.07401926810204876
82,1,538.9640791865731,197.59729313054035,0.015283280827247836,0.008533043027028953,0.017504042280160566
83,1,538.9974570012688,197.66376374883671,0.033377814695654706,0.06647061829636414,0.07438025013777785
84,1,539.021146315567,197.6365754879552,0.02368931429816712,-0.027188260881501947,0.036060853313225325
85,1,539.0276617931315,197.57354185382746,0.006515477564562389,-0.06303363412774843,0.06336947592686219
86,1,539.0341672429323,197.59794877183433,0.006505449800783936,0.02440691800686068,0.025259028558203497
87,1,538.9739011405413,197.62124346689407,-0.06026610239098318,0.023294695059746573,0.06461149986904073
88,1,538.9891810654716,197.6455770671065,0.015279924930268862,0.024333600212429474,0.028733259564013958
89,1,538.9888817187664,197.63497167086646,-0.00029934670521925,-0.01060539624003809,0.010609620061912663
90,1,538.9991647869516,197.60901911939038,0.010283068185231059,-0.025952551476081,0.027915522911468902
91,1,539.0256780122481,197.64416654175764,0.02651322529652589,0.03514742236725965,0.04402604245996777
92,1,539.0210432737553,197.66050572187066,-0.004634738492882207,0.016339180113021712,0.016983804275343267
93,1,539.0351526660122,197.65523941962383,0.014109392256955289,-0.005266302246837995,0.015060175603746484
94,1,538.9788015358747,197.60932433060898,-0.05635113013750015,-0.04591508901484076,0.0726886873386377
95,1,538.9459095485302,197.6063318934421,-0.03289198734455567,-0.0029924371668812455,0.03302782935150511
96,1,538.945335474291,197.62852223639973,-0.0005740742391253661,0.022190342957628673,0.022197767496061577
97,1,538.9660381254137,197.59397977512967,0.020702651122633142,-0.034542461270063995,0.04027134706089845
98,1,538.9936155569274,197.59990064047776,0.02757743151369141,0.005920865348088,0.028205874837744872
99,1,538.9917750441703,197.62748335228696,-0.0018405127570986224,0.027582711809202465,0.02764404959405477
100,1,538.9569849868083,197.5675651869702,-0.03479005736198815,-0.05991816531675909,0.06928589052741473
101,1,538.9654005813238,197.58984585687708,0.008415594515554403,0.022280669906876938,0.023817020857979716
102,1,538.9800926623886,197.61991119917718,0.01469208106482256,0.030065342300105158,0.03346314470634537
103,1,539.0194778093675,197.65054580818023,0.03938514697881601,0.03063460900304449,0.04989658376394474
104,1,539.0321321863363,197.63324691183132,0.012654376968839642,-0.01729889634890469,0.021433270197514127
105,1,539.0327835254434,197.65189833360097,0.0006513391070939178,0.01865142176964696,0.018662791234477505
106,1,538.9956439076692,197.59006682600327,-0.03713961777418717,-0.061831507597702284,0.07212826450301875
107,1,538.9943589175027,197.5740031780054,-0.0012849901664822028,-0.016063647997867747,0.01611496158007696
108,1,539.0376288504469,197.65473563362383,0.043269932944212997,0.08073245561843123,0.09159703317891173
109,1,539.0520908552393,197.64829927706236,0.014462004792335392,-0.006436356561465573,0.015829601018340696
110,1,539.022082600029,197.67091727842143,-0.030008255210304924,0.022618001359063555,0.03757751144295473
111,1,538.9827450914677,197.61145404993465,-0.039337508561288814,-0.0594632284867771,0.07129737107271299
112,1,538.9872481138965,197.62112225756303,0.004503022428821168,0.009668207628379832,0.010665432468490365
113,1,539.0078940421488,197.61418310691144,0.020645928252292833,-0.006939150651589898,0.02178086695162256
114,1,539.0302281554815,197.6046762425322,0.022334113332703964,-0.009506864379233093,0.024273299913345033
115,1,539.0103594970227,197.63363113325047,-0.019868658458790378,0.028954890718267734,0.035116225387403034
116,1,538.9833902147699,197.60208572131847,-0.02696928225282136,-0.03154541193200089,0.04150247220578515
117,1,538.9810927862918,197.57402014235092,-0.002297428478073016,-0.02806557896755635,0.0281594549023237
118,1,539.0013272773158,197.61881928233012,0.020234491023984447,0.04479913997920448,0.04915686696562409
119,1,538.999072439818,197.62475858117227,-0.0022548374978441643,0.00593929884215072,0.006352917666557391
120,1,538.9618958337686,197.60585996312642,-0.03717660604934281,-0.0188986180458528,0.041704409855446524
121,1,538.9157806721095,197.588457297404,-0.04611516165914509,-0.017402665722414667,0.04928956186755154
122,1,538.9335646973692,197.5733284857547,0.01778402525974343,-0.015128811649304907,0.023348500944586063
123,1,538.9610445969045,197.59241821585542,0.027479899535251207,0.019089730100716906,0.033459866613388
124,1,539.0224605320369,197.58753380068308,0.0614159351324588,-0.004884415172341505,0.06160985797557227
125,1,539.041595095955,197.691310159201,0.019134563918100866,0.10377635851793343,0.10552565623382089
126,1,539.0562246727657,197.65232619733297,0.01462957681064836,-0.038983961868041206,0.04163860949392464
127,1,539.0574390101102,197.6594895674194,0.0012143373445496763,0.007163370086431087,0.0072655685380803945
128,1,539.0227289129111,197.66585249917114,-0.03471009719908125,0.006362931751738188,0.03528849313936408
129,1,539.0092008265368,197.57082950195223,-0.013528086374321902,-0.09502299721890495,0.09598113940465143
130,1,538.9898594127944,197.5824603253686,-0.01934141374238152,0.01163082341636823,0.022569145728111296
131,1,538.9809514596814,197.6321466693217,-0.008907953113066469,0.049686343953112555,0.050478553902539594
132,1,539.0072785213661,197.59987053495936,0.026327061684696673,-0.03227613436234833,0.04165168695654698
133,1,539.0361730266476,197.6195966908568,0.028894505281527927,0.01972615589744464,0.0349859066190164
134,1,539.0665306283793,197.5827402139346,0.030357601731680006,-0.03685647692219618,0.04774917668416577
135,1,539.0372954456336,197.60935748485988,-0.0292351827456514,0.02661727092527144,0.039537008254051466
136,1,539.0321728973804,197.6316691931678,-0.005122548253211789,0.022311708307910294,0.02289220016127232
137,1,539.0217830104442,197.60311290982372,-0.01038988693619558,-0.028556283344073563,0.030387679558892627
138,1,539.051482118334,197.56559616200062,0.02969910788976904,-0.03751674782310488,0.047849173207805656
139,1,539.0824371715171,197.6173978860603,0.03095505318310643,0.051801724059686194,0.06034595208566038
140,1,539.0591792520278,197.58617523990193,-0.023257919489310552,-0.031222646158369116,0.038933076581513223
141,1,539.0115975815788,197.579657571144,-0.0475816704489489,-0.00651766875793669,0.048025986390188395
142,1,539.002869041668,197.57244082324286,-0.00872853991086231,-0.007216747901139797,0.011325584278266701
143,1,539.0185552971626,197.61527118871865,0.015686255494642865,0.042830365475794,0.04561248533278251
144,1,539.0657304829516,197.64810201304428,0.04717518578900126,0.03283082432562878,0.05747487433763632
145,1,539.050370610769,197.6636825118054,-0.01535987218255741,0.015580498761124772,0.02187870231777725
146,1,539.0626136080414,197.59183630119045,0.012242997272323919,-0.07184621061495022,0.07288188363330024
147,1,539.0218008307513,197.56528290601895,-0.040812777290057056,-0.026553395171504235,0.048690508163931306
148,1,539.0249587807339,197.5966947638298,0.003157949982551145,0.03141185781083777,0.03157019891005733
149,1,539.0071426197347,197.627232306583,-0.01781616099913208,0.030537542753222624,0.035354732500075495
150,1,539.0342749559468,197.6712012873547,0.027132336212048358,0.04396898077169453,0.051666574672850865
151,1,539.0521901456704,197.64653723602376,0.017915189723566982,-0.024664051330944403,0.03048392118620668
152,1,539.0741863783895,197.6497456067488,0.02199623271917517,0.003208370725047871,0.022228987753504577
153,1,539.0207640222454,197.60016543191418,-0.05342235614409674,-0.04958017483463095,0.07288444191059765
154,1,538.9893786781939,197.59586150415254,-0.0313853440515004,-0.004303927761640125,0.03167907219930009
155,1,539.0004312380916,197.59593305805907,0.011052559897620995,7.155390653679206e-05,0.011052791514004075
156,1,539.0168262004421,197.5858267339807,0.01639496235054594,-0.010106324078378748,0.019259609987043787
157,1,539.039699460543,197.68735519088602,0.022873260100936932,0.10152845690532786,0.1040731165538062
158,1,539.0873699345085,197.65794072261318,0.04767047396546786,-0.029414468272847216,0.056015042906943174
159,1,539.034571715856,197.64187410483862,-0.052798218652469586,-0.016066617774555425,0.055188659157363554
160,1,538.9561545875202,197.60847076591034,-0.0784171283357864,-0.033403338928280846,0.08523513986607165
161,1,538.9363003845044,197.60677537672603,-0.019854203015825078,-0.0016953891843058955,0.019926457835748406
162,1,539.0139908670608,197.6184241212577,0.07769048255636335,0.011648744531669308,0.07855892265684843
163,1,539.0928740817981,197.60315749898405,0.07888321473728865,-0.015266622273657049,0.08034694345733207
164,1,539.1018268067305,197.64162515617724,0.008952724932441924,0.03846765719319478,0.03949572044727273
165,1,539.0179442827439,197.62535235356563,-0.08388252398663099,-0.016272802611609904,0.0854463687654668
166,1,538.9643328294603,197.59411194143286,-0.053611453283565424,-0.03124041213277451,0.06204958721378832
167,1,538.9516615032632,197.62469252965334,-0.01267132619716449,0.030580588220487925,0.03310188640404036
168,1,539.0248032224902,197.65894295025973,0.07314171922701007,0.034250420606383614,0.0807638681787652
169,1,539.0377901701858,197.66312701366064,0.012986947695594608,0.004184063400913374,0.013644310059177522
170,1,539.0478173468479,197.64001192632782,0.010027176662106285,-0.02311508733282608,0.02519626032206497
171,1,539.0076193474159,197.61369616285538,-0.040197999431939024,-0.026315763472439357,0.04804579654316851
172,1,539.0127791033572,197.6187957079729,0.005159755941235744,0.005099545117531079,0.0072545462834592645
173,1,539.005274746666,197.6137890396148,-0.007504356691129033,-0.005006668358106481,0.009021202657947428
174,1,539.0125393837212,197.62165193347536,0.00726463705518654,0.007862893860561826,0.010705141353856577
175,1,539.0420728073207,197.59920380965158,0.029533423599445996,-0.022448123823778587,0.03709637950948865
176,1,539.036749189852,197.58773717479318,-0.005323617468661723,-0.011466634858408042,0.012642176154788331
177,1,539.0471079749904,197.60896990415395,0.010358785138350868,0.021232729360775693,0.023624843399490822
178,1,539.0458607751544,197.64369395998315,-0.0012471998359160352,0.03472405582920146,0.03474644673430952
179,1,539.0484252715056,197.61608795513965,0.0025644963511695096,-0.027606004843505616,0.027724865102554012
180,1,538.996379311975,197.65609784506367,-0.05204595953057378,0.04000988992402199,0.06564733958958642
181,1,538.9677637504151,197.5961592398918,-0.02861556155994549,-0.059938605171879544,0.06641902403183515
182,1,539.0059398760718,197.6047271734167,0.038176125656718796,0.008567933524915361,0.0391257722613235
183,1,539.0680231887404,197.63700015117195,0.06208331266861933,0.03227297775524107,0.0699705852848169
184,1,539.1161322934299,197.65221858930303,0.04810910468950169,0.015218438131086032,0.050458763492332304
185,1,539.0587513008173,197.61585980552417,-0.05738099261259322,-0.0363587837788657,0.06793040167027414
186,1,538.9576634109862,197.56584878169932,-0.10108788983109207,-0.05001102382485101,0.11278237439650232
187,1,538.96809968841,197.59839899237988,0.010436277423764295,0.032550210680568625,0.03418233610821789
188,1,539.0426552237628,197.5975202020253,0.07455553535282888,-0.0008787903545908193,0.07456071434900714
189,1,539.1244030025242,197.677352155715,0.0817477787613825,0.07983195368970541,0.11426215542486151
190,1,539.1150221225028,197.67690055979594,-0.00938088002146742,-0.0004515959190598551,0.009391743653405265
191,1,538.9892751763407,197.64370398025522,-0.12574694616205306,-0.03319657954071431,0.13005501667481054
192,1,538.9621236387304,197.62225090531405,-0.027151537610279775,-0.021453074941177874,0.03460405206091089
193,1,538.9685156586468,197.5950127288704,0.0063920199163476354,-0.027238176443660223,0.02797813743956076
194,1,539.0215484123669,197.682670966716,0.0530327537201174,0.08765823784560212,0.10245213335667919
195,1,539.0567071523553,197.68426162781088,0.03515873998844654,0.0015906610948945854,0.03519470415124982
196,1,539.0711746787459,197.64727896169944,0.01446752639060378,-0.03698266611144163,0.03971179815335979
197,1,538.9960232221957,197.61028715601546,-0.07515145655020206,-0.03699180568398219,0.08376237287337558
198,1,538.9916842992992,197.5822742885907,-0.00433892289652249,-0.0280128674247635,0.028346904474022258
199,1,539.0125163054485,197.62064182997992,0.020832006149248627,0.038367541389220605,0.04365822617166081
200,1,539.0075961780029,197.62336580172467,-0.004920127445529943,0.0027239717447571365,0.005623848873013235
201,1,539.0155541803293,197.6411069036263,0.007958002326404312,0.017741101901634693,0.019444189304551694
202,1,539.0359913401925,197.62030597138872,0.020437159863149645,-0.020800932237591496,0.029160869075266053
203,1,539.0147553577006,197.66649746271307,-0.021235982491930372,0.04619149132435041,0.0508391662320018
204,1,539.0198271522509,197.70657494706856,0.005071794550303821,0.04007748435549274,0.040397126781805376
205,1,539.0062212803313,197.61813383846277,-0.013605871919594392,-0.08844110860579235,0.08948155922934045
206,1,539.0197471640969,197.57401963675636,0.013525883765623803,-0.044114201706406675,0.04614122152516879
207,1,539.0094097165745,197.63408197914487,-0.010337447522374532,0.060062342388505385,0.060945449333579434
208,1,539.0239779649137,197.60668121911834,0.014568248339173806,-0.027400760026523585,0.03103281343518459
209,1,539.0285669615416,197.63841220970303,0.004588996627944653,0.0317309905846912,0.03206110811461527
210,1,539.0955134503064,197.67578586015551,0.0669464887647564,0.03737365045247998,0.07667217295781965
211,1,539.0420238771086,197.65115562128122,-0.053489573197794016,-0.02463023887429472,0.05888788591796264
212,1,539.0199859439622,197.61265247716793,-0.02203793314640734,-0.038503144113292365,0.04436397867611154
213,1,539.0157147755984,197.64806046285838,-0.004271168363743527,0.03540798569045478,0.03566466500399091
214,1,539.0322219220094,197.68051432526153,0.01650714641095874,0.03245386240314474,0.03641069990421881
215,1,539.0276560788882,197.64504968382735,-0.00456584312121322,-0.03546464143417438,0.03575734491628382
216,1,538.9939886021535,197.63084535530308,-0.033667476734649426,-0.014204328524272114,0.03654123613814413
217,1,539.005066608439,197.59243059105526,0.011078006285515585,-0.03841476424781831,0.039980199292617126
218,1,539.0175130738161,197.5713509864552,0.012446465377024651,-0.021079604600060975,0.024479873988163935
219,1,539.0518183288966,197.6070463459302,0.03430525508053961,0.03569535947499958,0.04950766823624731
220,1,539.0217901182378,197.59746707141406,-0.03002821065877015,-0.009579274516141822,0.03151913602278909
221,1,538.9919202315313,197.6554774200847,-0.029869886706592297,0.05801034867064914,0.06524883665441816
222,1,538.9965235785779,197.59207494255529,0.004603347046668205,-0.06340247752942219,0.06356937124827454
223,1,538.9989963589035,197.59129308596854,0.002472780325547319,-0.0007818565867410143,0.0025934421645072816
224,1,539.0063473235494,197.588189960027,0.0073509646459797295,-0.0031031259415499335,0.00797910219483145
225,1,539.0016003525841,197.65546953476385,-0.0047469709653569225,0.0672795747368582,0.06744683024515259
226,1,539.0045402325542,197.64753402906547,0.0029398799700857126,-0.007935505698384304,0.008462573185952421
227,1,539.0055578909162,197.64426681628694,0.0010176583620022939,-0.0032672127785247085,0.0034220327119868885
228,1,539.000227936748,197.6122129050513,-0.0053299541681326446,-0.032053911235635724,0.03249402463432944
229,1,538.9874997417461,197.55928987503043,-0.0127281950019551,-0.05292303002087806,0.05443210499878316
230,1,538.9980117233204,197.57055304885353,0.010511981574268248,0.01126317382309594,0.015406519437790898
231,1,539.0209525193915,197.62575200011997,0.022940796071111436,0.05519895126644769,0.05977628581044484
232,1,539.0466987853002,197.65189692552585,0.025746265908765054,0.02614492540587321,0.03669369608970337
233,1,539.0433638095084,197.59858785548968,-0.0033349757918585965,-0.05330907003616403,0.053413284973430765
234,1,539.027254249272,197.58726509192314,-0.016109560236373,-0.011322763566539606,0.01969068068384348
235,1,538.9913589437579,197.59210383441103,-0.03589530551414555,0.004838742487891068,0.036219972208961865
236,1,538.9923572571738,197.57954474309773,0.0009983134159483598,-0.01255909131330668,0.01259870645314184
237,1,539.0303748086516,197.59700478028373,0.038017551477764755,0.01746003718599809,0.0418352377655599
238,1,539.0561032400399,197.651396755253,0.025728431388301942,0.0543919749692634,0.060170084948914085
239,1,539.0605554693774,197.63676469623823,0.0044522293375166555,-0.01463205901475817,0.015294426994340448
240,1,539.0350596223572,197.56630799838555,-0.025495847020238216,-0.07045669785267705,0.07492786189117381
241,1,538.9624325341811,197.59992432247898,-0.07262708817609109,0.03361632409342974,0.08002968938145527
242,1,538.9912002723314,197.61363857526723,0.028767738150349942,0.01371425278824745,0.031869475800945526
243,1,539.0249790258338,197.63256200634603,0.033778753502360814,0.018923431078803787,0.03871821834701966
244,1,539.0397383161754,197.62084423741314,0.014759290341658016,-0.011717768932896888,0.01884523176175138
245,1,539.0289966979232,197.6256082365731,-0.010741618252268381,0.004763999159962395,0.011750661712158496
246,1,539.0036877177744,197.60716441483734,-0.025308980148793125,-0.018443821735758092,0.03131643396672787
247,1,538.9982997934734,197.58825797307918,-0.00538792430097601,-0.018906441758161918,0.01965917770985899
248,1,538.9893203484615,197.598868971222,-0.00897944501184611,0.010610998142823291,0.013900493311669457
249,1,539.0319937844619,197.5823502297374,0.042673436000313814,-0.016518741484617294,0.04575905331525659
250,1,539.0649876435934,197.6062538436276,0.032993859131579484,0.023903613890212227,0.04074282142177758
251,1,539.0408187329764,197.62369558848675,-0.024168910617049733,0.017441744859155506,0.029805212700915535
252,1,539.0138922216186,197.59111775548874,-0.02692651135782853,-0.03257783299801531,0.042265260164227596
253,1,539.0068321512985,197.58514497403678,-0.007060070320108025,-0.005972781451959008,0.009247632734799527
254,1,539.0113102934076,197.5956082455598,0.004478142109178407,0.010463271523008189,0.011381292005488257
255,1,539.0529293280887,197.5806329549521,0.041619034681048106,-0.01497529060767988,0.04423124886962554
256,1,539.0387771987996,197.595512312128,-0.014152129289072946,0.014879357175885843,0.020534800544008747
257,1,539.0068038302521,197.64227557098147,-0.031973368547483005,0.0467632588534741,0.056648907093342936
258,1,538.9991882177803,197.58435279511284,-0.00761561247179543,-0.057922775868632925,0.05842127624118161
259,1,539.0261188775413,197.61949825253058,0.026930659760978415,0.035145457417741,0.04427712289957228
260,1,539.0315022012637,197.6193311330226,0.00538332372241257,-0.00016711950797798636,0.005385917120624558
261,1,539.0056206833865,197.65395717065238,-0.025881517877223814,0.034626037629777784,0.04322979816709584
262,1,539.022536385131,197.6683085769125,0.01691570174455137,0.014351406260118438,0.022183413334146418
263,1,539.0454706222263,197.6117085326495,0.022934237095228127,-0.05660004426300702,0.06106999461040169
264,1,539.0075611545807,197.60288372637947,-0.037909467645590667,-0.008824806270013141,0.03892306440756366
265,1,538.9951405533958,197.58338091195318,-0.012420601184885527,-0.019502814426289206,0.023122091262259437
266,1,539.0175885407293,197.60250773503898,0.02244798733352127,0.019126823085798605,0.02949148176476336
267,1,539.0315336015169,197.625983614403,0.013945060787591501,0.023475879364013963,0.02730534072820478
268,1,539.0317972621915,197.63787706795657,0.00026366067459093756,0.011893453553568634,0.011896375682627887
269,1,539.0485723483289,197.6110215110502,0.016775086137386097,-0.026855556906355105,0.031664245635530316
270,1,539.0111081845228,197.61410328288406,-0.03746416380613482,0.003081771833848279,0.03759070213934295
271,1,539.0395935304681,197.6089487258599,0.028485345945341578,-0.0051545570241557925,0.028947960061825803
272,1,539.0572801222241,197.63052444580038,0.017686591756046255,0.021575719940472027,0.02789851642820323
273,1,539.0902611696897,197.65403211770604,0.032981047465568736,0.023507671905662164,0.040501359611133506
274,1,539.0597590580307,197.64670778986212,-0.03050211165896144,-0.007324327843917899,0.03136916629464262
275,1,539.0633556281451,197.61414936957144,0.0035965701143823026,-0.0325584202906839,0.03275646574971856
276,1,539.0112500684511,197.6059327034509,-0.0521055596940414,-0.008216666120546279,0.052749435572012
277,1,539.069224988635,197.6077712841664,0.057974920183937684,0.0018385807155141265,0.05800406666244536
278,1,539.0636950069785,197.6322290440513,-0.00552998165653662,0.02445775988488208,0.025075141389594966
279,1,539.0469507830875,197.65510959543337,-0.016744223891009824,0.022880551382087333,0.028352930452787462
280,1,539.0544773193774,197.6221190954609,0.007526536289901742,-0.03299049997247039,0.03383817130042309
281,1,539.0289765110829,197.5832753651379,-0.025500808294509625,-0.03884373032300914,0.04646640301422083
282,1,539.037185073528,197.6289139235591,0.008208562445133794,0.04563855842121711,0.04637088000224395
283,1,539.0578460394935,197.644244298503,0.020660965965475953,0.015330374943886227,0.025727337805274187
284,1,539.0427718074726,197.62862471986878,-0.015074232020879208,-0.015619578634215259,0.02170722708522979
285,1,539.0317820094893,197.6199724384569,-0.010989797983256722,-0.008652281411883678,0.013987052346481775
286,1,538.9926549931274,197.60822852139268,-0.039127016361931055,-0.011743917064222842,0.040851474849730514
287,1,539.0163728961728,197.59569318000203,0.02371790304539445,-0.012535341390645272,0.026826734960683454
288,1,539.0506451326719,197.63684829651214,0.034272236499077735,0.04115511651011161,0.05355679050885683
289,1,539.0454587810481,197.64619966541835,-0.005186351623819974,0.009351368906209245,0.010693284976372657
290,1,539.0412568224594,197.6230055205236,-0.004201958588623711,-0.02319414489474525,0.023571695174063018
291,1,539.0247652165929,197.60476928132942,-0.01649160586657672,-0.018236239194180826,0.024587262637509783
292,1,539.0385913368469,197.590975960694,0.013826120254066154,-0.01379332063541483,0.019529907716916095
293,1,539.0729309932816,197.6075206360166,0.03433965643466763,0.016544675322592184,0.03811742758346896
294,1,539.0794580513656,197.66409467637908,0.006527058083975135,0.05657404036247726,0.05694931544950116
295,1,539.0806279188973,197.6269325636506,0.001169867531757518,-0.037162112728481134,0.03718052195015826
296,1,539.058639260846,197.66031324849416,-0.021988658051327548,0.03338068484356427,0.03997213033506687
297,1,539.0647121383876,197.64941684204214,0.006072877541555499,-0.010896406452019392,0.012474434464228789
298,1,539.088215648581,197.60420420351753,0.023503510193449983,-0.04521263852461743,0.05095682166080737
299,1,539.0937435952741,197.66150980691205,0.005527946693064223,0.05730560339452495,0.05757161084294888
300,1,539.0844488376252,197.63258895569444,-0.009294757648831364,-0.028920851217606014,0.03037775756867864
301,1,539.0666323660083,197.626995785524,-0.0178164716169249,-0.005593170170442363,0.01867378412192389
302,1,539.0291882132192,197.58027188818446,-0.03744415278913493,-0.04672389733954674,0.05987643243123779
303,1,539.0725060195799,197.64998272441204,0.0433178063607329,0.06971083622758556,0.08207333937068241
304,1,539.0993947557253,197.65628160978642,0.026888736145338044,0.006298885374377505,0.027616663238942452
305,1,539.0915301162596,197.65320748345042,-0.007864639465651635,-0.0030741263360027915,0.008444098924952927
306,1,539.0585036325724,197.66424247948586,-0.03302648368719474,0.01103499603544833,0.034821254461074494
0,3,717.7760655856417,449.53911965450453,,,
1,3,717.7748301906337,449.5592314379739,-0.0012353950080523646,0.02011178346936049,0.02014969069599736
2,3,717.743782338816,449.56066045623606,-0.03104785181767511,0.0014290182621721215,0.031080720642963428
3,3,717.715518998653,449.47570781970546,-0.0282633401629937,-0.08495263653060192,0.0895308150899435
4,3,717.692218193144,449.46135420451293,-0.023300805509052225,-0.014353615192533198,0.027367020416296663
5,3,717.6997002414977,449.50520715973914,0.007482048353722348,0.04385295522621391,0.04448665788345716
6,3,717.6839794601318,449.53703115855484,-0.015720781365871517,0.031823998815696086,0.03549520907636634
7,3,717.6985110491266,449.55501113414476,0.014531588994827871,0.017979975589923924,0.023118101153184332
8,3,717.6993099552521,449.5338794293851,0.000798906125510257,-0.02113170475968218,0.021146801106733667
9,3,717.6936263691566,449.50552006962346,-0.005683586095528881,-0.028359359761623182,0.028923285376914937
10,3,717.6694276347349,449.4986011859595,-0.024198734421702284,-0.006918883663956876,0.0251684266247902
11,3,717.6742685052706,449.51143656708865,0.004840870535645081,0.012835381129150392,0.013717909325893165
12,3,717.7083561359673,449.53617114187125,0.0340876306967175,0.024734574782598884,0.04211609853953442
13,3,717.7437077499254,449.5468940476947,0.03535161395814157,0.010722905823456585,0.036942080595767604
14,3,717.7263835146449,449.5517894448106,-0.017324235280511857,0.004895397115888045,0.018002612059831117
15,3,717.703734130948,449.4789086033217,-0.022649383696943914,-0.07288084148888174,0.07631914332576654
16,3,717.6887025854091,449.47518636009795,-0.015031545538818136,-0.003722243223762689,0.015485556363993212
17,3,717.6647382265107,449.493329371793,-0.023964358898410865,0.018143011695030964,0.030057600881937905
18,3,717.7066150559519,449.5332442567524,0.04187682944120752,0.03991488495944395,0.05785211219457445
19,3,717.7851344764304,449.5583942356607,0.07851942047841476,0.025149978908302728,0.08244889830285285
20,3,717.779289847066,449.5968292489921,-0.005844629364332832,0.03843501333136601,0.03887685612531837
21,3,717.729743636498,449.54787717227475,-0.04954621056799624,-0.0489520767173417,0.06965007391660635
22,3,717.6204066678424,449.4587017366207,-0.1093369686556116,-0.08917543565405595,0.14109156969460956
23,3,717.6282155612712,449.5211271560735,0.007808893428773445,0.06242541945277935,0.0629119369471119
24,3,717.6945457008816,449.504325327822,0.06633013961038614,-0.016801828251459483,0.06842506012657101
25,3,717.7231793399976,449.54721878145324,0.028633639116037557,0.042893453631222656,0.05157260564913629
26,3,717.7342977849785,449.51419253441077,0.011118444980866116,-0.03302624704247137,0.034847565374110365
27,3,717.7217887621957,449.51092227109973,-0.012509022782751344,-0.0032702633110375245,0.012929434369024436
28,3,717.6877450367195,449.5229606578916,-0.03404372547618095,0.012038386791857647,0.03610952784027984
29,3,717.6833040138871,449.53602111276916,-0.0044410228324522905,0.013060454877575012,0.013794860108298869
30,3,717.6747658685279,449.5300389835171,-0.008538145359239024,-0.005982129252060986,0.010425248033685271
31,3,717.7373819500094,449.5427377045825,0.06261608148156483,0.01269872106541925,0.06389077536548832
32,3,717.7519585366916,449.5211456867181,0.01457658668221029,-0.0215920178644069,0.02605171999620864
33,3,717.7305465808192,449.4837654871522,-0.021411955872395083,-0.03738019956591643,0.04307843049449612
34,3,717.709257208361,449.4979777865429,-0.021289372458227263,0.014212299390692351,0.025597398962312553
35,3,717.6725113951626,449.5251708710775,-0.036745813198422184,0.027193084534587797,0.04571344040999951
36,3,717.6651941269886,449.52076168945393,-0.007317268174006131,-0.004409181623543645,0.008543026168736579
37,3,717.6805119435583,449.4972882409491,0.015317816569677234,-0.023473448504830685,0.028029239896422743
38,3,717.6840709804032,449.49679906618064,0.00355903684499026,-0.0004891747684609982,0.0035924970728028567
39,3,717.7054688299997,449.5247656976205,0.0213978495964966,0.027966631439880985,0.03521363999146395
40,3,717.7082491731486,449.53091871270266,0.0027803431488564456,0.006153015082134061,0.006752029519067745
41,3,717.7018601852988,449.5383647122646,-0.006388987849845762,0.0074459995619236,0.009811323826153288
42,3,717.7317353550408,449.5379912411535,0.029875169742012986,-0.00037347111106100783,0.029877504042086337
43,3,717.7434162512726,449.57669774637407,0.011680896231837323,0.03870650522054575,0.040430642873532034
44,3,717.7390512801132,449.5172484054673,-0.00436497115936163,-0.05944934090678089,0.0596093709702821
45,3,717.7225702379704,449.5291335126502,-0.016481042142800106,0.011885107182934007,0.020319461677480107
46,3,717.7408056704924,449.5501718598802,0.018235432521919392,0.02103834722998954,0.02784139101106631
47,3,717.7225518647139,449.53717630963024,-0.018253805778499554,-0.012995550249968346,0.022407270063500285
48,3,717.717050544749,449.53395722978604,-0.005501319964878348,-0.0032190798442002233,0.00637393100051336
49,3,717.7293447625799,449.5045482367657,0.012294217830913112,-0.029408993020354046,0.0318753299990004
50,3,717.7621064972678,449.524885202849,0.03276173468793786,0.020336966083334573,0.03856064637992382
51,3,717.754965282611,449.54660675946417,-0.007141214656826378,0.021721556615148074,0.022865322402274475
52,3,717.7533692518356,449.5371399180662,-0.0015960307754312453,-0.009466841397966164,0.009600437505154108
53,3,717.7731588067877,449.56897263551735,0.01978955495212631,0.03183271745115235,0.03748264112263337
54,3,717.7818827595521,449.54405912305447,0.008723952764398746,-0.024913512462887866,0.026396788726546445
55,3,717.7683094687484,449.5357070896042,-0.013573290803719829,-0.008352033450250929,0.01593708524155078
56,3,717.7552745999883,449.51369662450264,-0.013034868760087193,-0.022010465101573118,0.025580625042798802
57,3,717.7741746979679,449.5176233611968,0.01890009797955372,0.003926736694154442,0.019303703393441105
58,3,717.7860039623558,449.579559384452,0.01182926438798404,0.06193602325521397,0.06305555068850983
59,3,717.7865650817145,449.5590141954499,0.0005611193586219088,-0.02054518900212088,0.020552850071644296
60,3,717.7468766207504,449.49530379681016,-0.03968846096404377,-0.06371039863972783,0.07506123385961265
61,3,717.7461392557844,449.48998835302393,-0.00073736496597121,-0.005315443786230389,0.005366344168763031
62,3,717.7918080614562,449.52698440624675,0.04566880567176668,0.036996053222821956,0.05877369960748994
63,3,717.7963509112825,449.5356273773853,0.0045428498262936046,0.008642971138556277,0.009764140241013164
64,3,717.8257653062625,449.532898885858,0.02941439497999454,-0.002728491527307142,0.02954067192962467
65,3,717.7561581206793,449.55906235144244,-0.06960718558320877,0.026163465584431833,0.07436186668046342
66,3,717.7686693186656,449.51811465997565,0.012511197986327716,-0.040947691466783454,0.04281639302313988
67,3,717.7809042021325,449.49438725699883,0.012234883466931024,-0.023727402976817302,0.026696105061856133
68,3,717.7763133876293,449.50794756211997,-0.004590814503217189,0.013560305121131933,0.014316335172841763
69,3,717.7668209358698,449.5533890270342,-0.00949245175957003,0.04544146491423362,0.04642233701526981
70,3,717.7344462163537,449.5464569419906,-0.032374719516042205,-0.006932085043615643,0.033108552774084275
71,3,717.7451427561911,449.5255603656029,0.010696539837340424,-0.020896576387656296,0.023475154295913913
72,3,717.7563062616003,449.5272947829592,0.01116350540928579,0.0017344173562605647,0.011297435841324834
73,3,717.7927898526515,449.53338532403717,0.03648359105113741,0.006090541077981015,0.036988472617955015
74,3,717.8086565141399,449.5312583655181,0.015866661488416867,-0.002126958519056643,0.016008588299091166
75,3,717.7966571257532,449.5365566935301,-0.011999388386698229,0.005298328011974718,0.013117072896698573
76,3,717.7513160620289,449.52679519643146,-0.04534106372432234,-0.00976149709862284,0.046379940548252986
77,3,717.761472969274,449.57395192661795,0.010156907245118418,0.047156730186486584,0.048238158823353056
78,3,717.7886831165763,449.59927488489285,0.027210147302298537,0.02532295827489861,0.037170476617942906
79,3,717.7964773960699,449.557838268792,0.007794279493623435,-0.04143661610083882,0.04216330094659352
80,3,717.7524739820008,449.550068481079,-0.04400341406915231,-0.007769787713016285,0.04468411407700292
81,3,717.7991321139624,449.51704340566295,0.04665813196163526,-0.03302507541604882,0.05716324767177843
82,3,717.7974566222543,449.56249169942214,-0.0016754917080561427,0.04544829375919335,0.04547916751750957
83,3,717.8074330114819,449.5831328572012,0.009976389227517757,0.020641157779039077,0.022925656729483622
84,3,717.8080522348023,449.5362303746701,0.0006192233204274089,-0.0469024825310953,0.046906569956673035
85,3,717.7766572585849,449.5147751041835,-0.03139497621737064,-0.02145527048656959,0.03802595381237835
86,3,717.7809868510805,449.5304989365471,0.004329592495537327,0.01572383236356245,0.016309024353860873
87,3,717.7716690956025,449.5453720749116,-0.009317755477923129,0.01487313836452131,0.017550806589913814
88,3,717.7938941838487,449.5333250112883,0.02222508824615943,-0.012047063623299437,0.025280156041713797
89,3,717.8341305558464,449.5667692581798,0.040236371997707465,0.033444246891519924,0.052320964074439966
90,3,717.7850486191265,449.54601176224287,-0.04908193671985828,-0.02075749593694809,0.05329080736622958
91,3,717.7817120325923,449.54002627190965,-0.0033365865342602774,-0.005985490333216603,0.006852656727841868
92,3,717.7758887777795,449.5406222402816,-0.0058232548127534756,0.0005959683719538589,0.005853671917235015
93,3,717.7787016831595,449.51569803412224,0.0028129053799830217,-0.024924206159369078,0.02508243388013749
94,3,717.7663024523889,449.5713115283718,-0.012399230770597569,0.05561349424954187,0.05697895810162169
95,3,717.7527787059727,449.54789005219016,-0.013523746416240101,-0.023421476181624712,0.027045466600840534
96,3,717.7441384687069,449.51418179518174,-0.008640237265808537,-0.03370825700841351,0.03479799262248794
97,3,717.7465718756224,449.552856865369,0.002433406915542946,0.03867507018725291,0.038751548655577
98,3,717.7912216263001,449.52959240534614,0.044649750677649536,-0.023264460022858202,0.05034714823832063
99,3,717.7801042040684,449.5445295836143,-0.011117422231677665,0.014937178268155549,0.01862032147123296
100,3,717.7645296687873,449.5119892548381,-0.015574535281075441,-0.03254032877617874,0.036075464599686996
101,3,717.7768059156198,449.51769704342325,0.01227624683247086,0.005707788585141316,0.013538282270082138
102,3,717.7840300111333,449.54701408245984,0.007224095513493012,0.029317039036584447,0.030193978437110375
103,3,717.8302106753849,449.56816182725703,0.046180664251664894,0.02114774479719017,0.050792527607238486
104,3,717.8447824189157,449.5450880208951,0.014571743530723325,-0.023073806361935567,0.02728985616585905
105,3,717.8143628402779,449.5633957569695,-0.03041957863774769,0.018307736074405057,0.03550385844761366
106,3,717.8021183184919,449.5549479001018,-0.012244521785987672,-0.008447856867690007,0.014875973898353812
107,3,717.7774761012006,449.57540694063965,-0.02464221729132987,0.020459040537843975,0.03202828769638271
108,3,717.8301387789955,449.5720341458079,0.052662677794955925,-0.003372794831761894,0.052770573026190495
109,3,717.8125172591249,449.57412552064505,-0.01762151987065863,0.0020913748371640395,0.017745191215130365
110,3,717.8094242412387,449.5921933557029,-0.0030930178861581226,0.018067835057820503,0.0183306689272569
111,3,717.7792431639303,449.57442322606363,-0.030181077308384374,-0.017770129639245624,0.03502391946784754
112,3,717.7696572903408,449.5454892329694,-0.009585873589571747,-0.02893399309425604,0.030480566412940974
113,3,717.7974896389888,449.56617132351545,0.027832348648075822,0.020682090546074505,0.034675474050459246
114,3,717.8158383582298,449.55556193024665,0.018348719240975697,-0.010609393268794065,0.02119515801583193
115,3,717.8144192283293,449.5616484421004,-0.0014191299005688052,0.0060865118537662966,0.00624976449322101
116,3,717.7753378750294,449.513649106655,-0.039081353299820876,-0.04799933544541091,0.06189740203713319
117,3,717.7892219849688,449.51815482012086,0.013884109939340306,0.004505713465846384,0.014596916203225861
118,3,717.7748509601485,449.574374437741,-0.0143710248203206,0.05621961762017236,0.05802733631440155
119,3,717.7968875212716,449.5887871280974,0.02203656112317276,0.014412690356380153,0.026331267904227903
120,3,717.7594518649302,449.53668512429385,-0.03743565634147217,-0.05210200380355445,0.06415642731685117
121,3,717.7338277536861,449.5501137374936,-0.02562411124404207,0.01342861319972144,0.028929616822812844
122,3,717.7637872434324,449.53554100311493,0.02995948974626117,-0.014572734378646146,0.033315696197541836
123,3,717.7627663028397,449.5240501676721,-0.0010209405926389081,-0.011490835442828029,0.011536100678645739
124,3,717.7766488605143,449.52359327528865,0.013882557674605778,-0.0004568923834540328,0.013890074090472451
125,3,717.8070387676279,449.5623278356568,0.030389907113544723,0.03873456036814105,0.04923324711293212
126,3,717.8454093844045,449.575275989941,0.03837061677666043,0.01294815428423135,0.04049640639846446
127,3,717.8464552425141,449.58115981412055,0.0010458581095917907,0.005883824179534258,0.005976052724087272
128,3,717.8215720726529,449.5220686022686,-0.024883169861254828,-0.05909121185197819,0.06411663949771094
129,3,717.7686021343453,449.4892818157098,-0.052969938307569464,-0.03278678655880185,0.06229596886765744
130,3,717.7409009186364,449.49582655498256,-0.02770121570893025,0.006544739272783318,0.02846385363757684
131,3,717.7710338871846,449.5553500165098,0.030132968548173267,0.059523461527248855,0.06671610199727704
132,3,717.8199439191578,449.59047379798744,0.04891003197326427,0.03512378147763684,0.06021520782090283
133,3,717.8300439675223,449.57766820234644,0.01010004836450662,-0.012805595640998035,0.016309330356765746
134,3,717.8232192308849,449.5605879014108,-0.006824736637440765,-0.017080300935617743,0.018393306125373182
135,3,717.8367355783812,449.5195819358856,0.01351634749630648,-0.04100596552524394,0.043176160763764126
136,3,717.8440061383941,449.54343302333945,0.007270560012898386,0.02385108745386333,0.024934622829170562
137,3,717.8208918171966,449.5202751555465,-0.023114321197454046,-0.02315786779291784,0.03271939310459983
138,3,717.835438647115,449.53930363537484,0.014546829918344883,0.019028479828307354,0.02395189565043973
139,3,717.8397879772217,449.54824725187973,0.004349330106720117,0.008943616504893726,0.009945096709626783
140,3,717.8257075986368,449.5048549386637,-0.014080378584935715,-0.04339231321603165,0.045619621955177485
141,3,717.789847695167,449.5063747733765,-0.03585990346971357,0.001519834712780721,0.035892096266606506
142,3,717.8062318826605,449.51586741824127,0.016384187493486024,0.00949264486479251,0.018935466890224163
143,3,717.8231359308196,449.5517108369367,0.016904048159062768,0.0358434186954355,0.03962950299890485
144,3,717.8421647786777,449.6064978413054,0.01902884785806691,0.05478700436867712,0.05799752493424959
145,3,717.8417634175535,449.5866475202613,-0.0004013611242044135,-0.019850321044089014,0.01985437826539592
146,3,717.8545406804068,449.52040420236335,0.012777262853319371,-0.06624331789794269,0.06746432844215311
147,3,717.8188907595562,449.5194246573331,-0.035649920850573835,-0.0009795450302476638,0.035663375683163565
148,3,717.8146728434574,449.5130157184104,-0.004217916098809837,-0.006408938922731977,0.0076723734484126956
149,3,717.8224002039805,449.5582524939602,0.007727360523062998,0.045236775549824415,0.045892025045737354
150,3,717.8293848908118,449.60386905552775,0.006984686831287945,0.04561656156755589,0.04614820190839275
151,3,717.8268485439917,449.5877421517747,-0.002536346820079416,-0.016126903753047372,0.01632513644205709
152,3,717.8422215698349,449.5717564612113,0.015373025843246069,-0.01598569056341148,0.022178192585651662
153,3,717.833582104846,449.5783299825445,-0.008639464988959844,0.006573521333223198,0.010855944823634809
154,3,717.777775270974,449.53231311188415,-0.055806833871997696,-0.04601687066036675,0.07233225485348616
155,3,717.7669197476786,449.5512018561772,-0.010855523295390412,0.018888744293064974,0.02178593690860135
156,3,717.7985077814833,449.56964394790316,0.031588033804723636,0.018442091725944465,0.03657751531851928
157,3,717.8511840727364,449.60501487786746,0.05267629125307849,0.03537092996430147,0.06344993575031163
158,3,717.8707896649852,449.6014678413529,0.019605592248808534,-0.0035470365145329197,0.019923873003559602
159,3,717.832024531378,449.5811800532938,-0.038765133607171265,-0.02028778805913589,0.043753056212272254
160,3,717.7864967780406,449.56388939078744,-0.045527753337410104,-0.017290662506354693,0.048700547572493647
161,3,717.7978720821772,449.5210160882819,0.011375304136549858,-0.04287330250554078,0.04435670875899854
162,3,717.8226660760379,449.5373114049558,0.024793993860726005,0.01629531667390438,0.029669504159465572
163,3,717.8558278731884,449.5847407620748,0.03316179715056933,0.04742935711897189,0.05787269396679645
164,3,717.8730241054296,449.63439624551035,0.017196232241190046,0.04965548343557202,0.05254881005801474
165,3,717.8546141504336,449.57175819173125,-0.01840995499605924,-0.06263805377909648,0.06528745839891387
166,3,717.8036903414272,449.5227716900264,-0.050923809006349074,-0.048986501704860075,0.07066053830105866
167,3,717.7753391845719,449.534136012066,-0.028351156855364934,0.011364322039639774,0.030543999581884303
168,3,717.8469503300897,449.5703402917455,0.0716111455178634,0.03620427967945261,0.08024279425274666
169,3,717.8576154223061,449.59390801585823,0.010665092216413541,0.023567724112751876,0.025868548699905663
170,3,717.8376464763377,449.5574261624813,-0.019968945968457774,-0.036481853376926665,0.041589474977532015
171,3,717.7998509993367,449.5281501477286,-0.03779547700094099,-0.029276014752724677,0.04780777260582648
172,3,717.7835733541483,449.5600685412647,-0.016277645188438328,0.031918393536102485,0.035829395456889845
173,3,717.8072010040019,449.57072014840804,0.023627649853551702,0.010651607143358888,0.025917611239049326
174,3,717.8533643960046,449.5649551041333,0.04616339200276798,-0.005765044274767206,0.04652197864118903
175,3,717.8161889170208,449.5667921779283,-0.03717547898384055,0.0018370737950021976,0.0372208419814256
176,3,717.8196017864663,449.5477539694018,0.0034128694454693687,-0.019038208526467315,0.019341692318643453
177,3,717.8584845918376,449.55069206795423,0.03888280537137234,0.0029380985524198877,0.03899365303035551
178,3,717.8711823989916,449.5777052777541,0.012697807153926988,0.027013209799861215,0.0298487488885152
179,3,717.8547080575039,449.5772617807991,-0.016474341487651145,-0.00044349695497203356,0.01648030997890553
180,3,717.7953469320189,449.53842159332527,-0.0593611254849975,-0.038840187473851984,0.07093872977330218
181,3,717.7729567326928,449.5120339296656,-0.02239019932608244,-0.026387663659647842,0.03460678862992638
182,3,717.8101555401755,449.47731783586744,0.037198807482695884,-0.03471609379818119,0.050881808603260026
183,3,717.8805103668803,449.54701431235276,0.07035482670482907,0.06969647648531918,0.09903232035621087
184,3,717.8733619805129,449.5774895989252,-0.007148386367475723,0.030475286572425375,0.031302436316206494
185,3,717.8495767224505,449.5910083256083,-0.023785258062389403,0.01351872668311671,0.027358627016487353
186,3,717.7798383727061,449.56187801223507,-0.06973834974439796,-0.02913031337322991,0.07557785775142445
187,3,717.7499709300102,449.46711398702575,-0.029867442695831414,-0.09476402520931515,0.09935937100777405
188,3,717.8249696270374,449.5377067494,0.07499869702712658,0.07059276237424683,0.10299583804889208
189,3,717.8661707177803,449.56759620241917,0.041201090742902124,0.029889453019166012,0.05090097523810116
190,3,717.8601964750914,449.5936851010755,-0.005974242688921549,0.02608889865632591,0.026764196397541556
191,3,717.8339858450553,449.5597503814022,-0.0262106300360756,-0.03393471967331152,0.04287845993263126
192,3,717.7619371904634,449.5194398412307,-0.07204865459186749,-0.04031054017150382,0.08255875651568798
193,3,717.7814238301544,449.48839463580276,0.019486639690967422,-0.031045205427915334,0.03665424813724939
194,3,717.8374866955999,449.55160487840203,0.05606286544548311,0.06321024259926844,0.08449011570246968
195,3,717.8767689097441,449.5748684824852,0.039282214144236605,0.02326360408318351,0.04565399898160921
196,3,717.8571192706896,449.60504819262434,-0.01964963905447803,0.030179710139123017,0.036012820204098885
197,3,717.8090881048822,449.5700378215454,-0.04803116580740152,-0.035010371078953995,0.059436680357369855
198,3,717.7742684739795,449.5613593601623,-0.034819630902688914,-0.008678461383055946,0.035884849005906126
199,3,717.7872340796614,449.5674962585302,0.01296560568187033,0.006136898367856247,0.014344631479237967
200,3,717.8369989355094,449.5520848353725,0.049764855848025036,-0.015411423157672743,0.052096572260750165
201,3,717.8262828905315,449.5833577579347,-0.010716044977925776,0.03127292256220926,0.03305796886608228
202,3,717.8190746267364,449.58315344547543,-0.00720826379506434,-0.00020431245928875796,0.007211158750177116
203,3,717.8211523826666,449.5565429559268,0.002077755930145031,-0.02661048954865919,0.026691482231688685
204,3,717.8201459527377,449.5479576983919,-0.0010064299289069822,-0.008585257534889479,0.00864404697709217
205,3,717.8296540281181,449.55352493224206,0.009508075380381342,0.005567233850172215,0.011018057459530566
206,3,717.8173774208387,449.5546669733189,-0.012276607279318341,0.0011420410768323563,0.012329612488305724
207,3,717.8146862889275,449.59129795315596,-0.0026911319112059573,0.036630979837070754,0.036729700172849156
208,3,717.8245266451167,449.5785651009448,0.009840356189215527,-0.012732852211172485,0.016092176215856957
209,3,717.8521894635194,449.5995577091722,0.027662818402632183,0.020992608227402343,0.034726375021965745
210,3,717.8613255735349,449.5633760645268,0.009136110015560917,-0.03618164464540996,0.03731728708605645
211,3,717.8139769152683,449.53855587261626,-0.04734865826662826,-0.024820191910521316,0.053459679816896144
212,3,717.809566838558,449.5494942371688,-0.00441007671031457,0.010938364552544044,0.011793921980207053
213,3,717.812678112988,449.56169990269746,0.00311127443001169,0.012205665528654208,0.012595963622376105
214,3,717.8402175409245,449.58448201056024,0.027539427936517313,0.02278210786278123,0.035741356014315245
215,3,717.8445818004258,449.5417185748573,0.004364259501244305,-0.04276343570290919,0.042985557971382087
216,3,717.8463397761052,449.54029570820563,0.001757975679424817,-0.0014228666516942212,0.0022616427653262727
217,3,717.825952148431,449.53184346069014,-0.02038762767415392,-0.008452247515492672,0.022070248078421745
218,3,717.8310589616069,449.52886840497683,0.005106813175871139,-0.0029750557133070288,0.005910202814669888
219,3,717.8282054315334,449.55146930547477,-0.002853530073480215,0.022600900497934617,0.02278032785536234
220,3,717.8475699765738,449.57514776889866,0.019364545040389203,0.02367846342389157,0.03058848206004726
221,3,717.8163828443263,449.5492248963322,-0.031187132247509908,-0.025922872566468413,0.040554069338613025
222,3,717.7704155888835,449.523293327011,-0.04596725544286073,-0.025931569321187453,0.052777219142436445
223,3,717.7664554063186,449.5210551793999,-0.003960182564810566,-0.0022381476110808762,0.004548884552900483
224,3,717.8013556063511,449.52597831365375,0.03490020003243899,0.004923134253829176,0.03524572616907588
225,3,717.824432436141,449.5310493539168,0.023076829789943076,0.005071040263032955,0.023627431568058885
226,3,717.8413968900542,449.5746548451618,0.016964453913146826,0.043605491244989025,0.0467892248630825
227,3,717.8292057344714,449.57992862526,-0.012191155582740976,0.005273780098207226,0.013282960173351536
228,3,717.8277802396755,449.5682731565412,-0.0014254947959670972,-0.011655468718799966,0.011742316060652336
229,3,717.7648429365582,449.53589026592357,-0.06293730311722356,-0.03238289061761179,0.07077962791949029
230,3,717.7919771559531,449.5193089906212,0.02713421939483851,-0.016581275302371523,0.03179944264952243
231,3,717.8314148429918,449.5688701666286,0.039437687038685,0.049561176007387076,0.0633375191035808
232,3,717.828375691521,449.58193123900026,-0.003039151470716206,0.01306107237166998,0.013409998253540428
233,3,717.8376971453497,449.5496552220842,0.009321453828647464,-0.032276016916057415,0.03359510037855566
234,3,717.8080558021568,449.5479438543208,-0.02964134319290679,-0.0017113677633915358,0.029690705715783472
235,3,717.7856950238563,449.51860587398346,-0.022360778300480888,-0.02933798033734547,0.036887958692203696
236,3,717.7568127624885,449.52700951229326,-0.028882261367812134,0.008403638309800954,0.03007999598671129
237,3,717.8134850654106,449.55134441841835,0.056672302922152085,0.024334906125091038,0.06167606970792773
238,3,717.8566405283406,449.5912212873522,0.04315546292991712,0.039876868933845344,0.058758477317426554
239,3,717.8165563825517,449.5824619511651,-0.040084145788910064,-0.008759336187097233,0.04103004647895476
240,3,717.786230765403,449.5268020197386,-0.030325617148605488,-0.05565993142647585,0.06338510094528357
241,3,717.7716298946183,449.5207390967052,-0.014600870784761355,-0.0060629230334257045,0.01580963198124933
242,3,717.8132285708865,449.542917077206,0.041598676268222334,0.0221779805008282,0.04714141158645421
243,3,717.8469965947178,449.5421009503338,0.03376802383127142,-0.0008161268722233217,0.03377788472567339
244,3,717.8695596832001,449.5489918257731,0.02256308848234312,0.006890875439296451,0.02359188687201479
245,3,717.8411863450581,449.5514089076614,-0.028373338142046123,0.0024170818883249012,0.02847610581132465
246,3,717.8051652377482,449.57261334694095,-0.03602110730992081,0.021204439279529197,0.0417989044951189
247,3,717.7816472427502,449.5557750265132,-0.0235179949979738,-0.016838320427780218,0.028924472744603684
248,3,717.7772399540005,449.5734510317015,-0.004407288749689542,0.017676005188320687,0.01821717194134918
249,3,717.802108010675,449.5604778288961,0.024868056674563377,-0.01297320280536951,0.028048604845848278
250,3,717.8185538990236,449.5931833557293,0.01644588834858496,0.032705526833183285,0.036607632114221675
251,3,717.8483378872196,449.5732933549167,0.029783988195958955,-0.019890000812608832,0.03581477467725579
252,3,717.8131350480897,449.5593136529637,-0.03520283912985178,-0.01397970195301923,0.0378770636335167
253,3,717.8053075139668,449.5194770867243,-0.007827534122952784,-0.03983656623938714,0.04059830415412778
254,3,717.8174172943034,449.5333938950421,0.01210978033657284,0.013916808317787854,0.018447881546510846
255,3,717.8472564138677,449.55854932045395,0.029839119564371686,0.025155425411867327,0.0390277911753777
256,3,717.8329774469906,449.56812956291475,-0.014278966877100174,0.009580242460799582,0.017195055704621348
257,3,717.8271020527761,449.566463094286,-0.005875394214513108,-0.0016664686287413133,0.006107157674934638
258,3,717.8349228536352,449.524105608238,0.007820800859121846,-0.04235748604799028,0.04307344367918279
259,3,717.8227270398191,449.5440764313751,-0.012195813816106238,0.019970823137100524,0.02340024896043795
260,3,717.8534568066669,449.54194599987727,0.0307297668477986,-0.00213043149784653,0.030803527539667898
261,3,717.868220350301,449.57119703769933,0.014763543634103371,0.029251037822064063,0.032765613595717946
262,3,717.8723904874998,449.5732900352809,0.004170137198798329,0.002092997581542022,0.004665906464251328
263,3,717.8620535191857,449.5424237526377,-0.010336968314163641,-0.030866282643160048,0.032551195341115606
264,3,717.8162308454963,449.5448615965887,-0.045822673689372095,0.0024378439509860073,0.04588747658318153
265,3,717.8412409773077,449.5531830575059,0.025010131811427527,0.008321460917215973,0.02635817529765162
266,3,717.8452202887147,449.5558395504549,0.00397931140696528,0.0026564929489723,0.004784545334882254
267,3,717.8639892937271,449.58587405324397,0.01876900501235923,0.030034502789078488,0.035416760254731505
268,3,717.8664283784577,449.57374577382245,0.0024390847306676733,-0.012128279421517618,0.012371107308959208
269,3,717.850048021983,449.56714738845113,-0.016380356474769542,-0.006598385371319182,0.01765941017556825
270,3,717.8339480753923,449.53302150636387,-0.016099946590657055,-0.034125882087266746,0.03773306386256016
271,3,717.8371898371669,449.5534643765296,0.003241761774575025,0.020442870165709337,0.020698308143786648
272,3,717.8618927767794,449.59101177870934,0.024702939612552655,0.037547402179768596,0.044944884424711944
273,3,717.8659349105538,449.61766712830513,0.004042133774419199,0.026655349595785083,0.02696009101475402
274,3,717.8738773723146,449.56887484002374,0.007942461760762853,-0.04879228828139048,0.04943450307786552
275,3,717.8259384046977,449.5605549671218,-0.04793896761691485,-0.00831987290195002,0.04865557420563663
276,3,717.82312693918,449.54026746564097,-0.002811465517652323,-0.02028750148082281,0.020481383124470277
277,3,717.8345855777509,449.54135004243494,0.011458638570843505,0.0010825767939763864,0.0115096642180421
278,3,717.8750710664444,449.5609581175553,0.04048548869354818,0.019608075120345347,0.04498390161691762
279,3,717.8457529424345,449.5957928932668,-0.029318124009932944,0.034834775711487964,0.04553036343289474
280,3,717.8448844209738,449.55550317255455,-0.0008685214606884983,-0.0402897207122237,0.040299080939851024
281,3,717.8395396227874,449.5373792466725,-0.005344798186456501,-0.01812392588203693,0.01889559623381905
282,3,717.8385442545843,449.5405194944628,-0.0009953682030072741,0.003140247790270223,0.0032942243463150696
283,3,717.840622997457,449.5457240632457,0.0020787428726407597,0.005204568782914976,0.005604347254288213
284,3,717.8832036839331,449.58464086237353,0.042580686476071605,0.038916799127832746,0.057685631791023935
285,3,717.8402807408969,449.54778487515114,-0.04292294303616018,-0.03685598722239547,0.05657510789227741
286,3,717.8224702983958,449.5567882507717,-0.017810442501058787,0.009003375620579845,0.019956769143545574
287,3,717.8334802099447,449.56510247920147,0.011009911548853779,0.008314228429753712,0.013796541113471473
288,3,717.8342007913402,449.553464609015,0.000720581395512454,-0.011637870186461896,0.01166015694682097
289,3,717.8512545945683,449.5729576595724,0.017053803228122888,0.019493050557400693,0.025900023640470178
290,3,717.8327667204002,449.5120053178608,-0.01848787416815867,-0.06095234171158381,0.06369450095089331
291,3,717.8142564752131,449.51075192394285,-0.018510245187030705,-0.0012533939179775189,0.01855263251394843
292,3,717.8581901974203,449.5528957631051,0.04393372220715719,0.04214383916223596,0.06087918467184059
293,3,717.8753091662675,449.5864984257015,0.017118968847171345,0.033602662596422306,0.037712040888281576
294,3,717.8919055545387,449.60212052418063,0.01659638827118215,0.015622098479127544,0.02279232468484493
295,3,717.8853934388428,449.58755507315243,-0.006512115695841203,-0.01456545102820428,0.015954936994267276
296,3,717.8799668008887,449.560192718962,-0.00542663795408771,-0.027362354190415772,0.027895283227214396
297,3,717.8716567920982,449.55987472974016,-0.008310008790544998,-0.00031798922185544143,0.00831609062265145
298,3,717.8591371186584,449.5597006506647,-0.012519673439783219,-0.00017407907546385104,0.01252088361751389
299,3,717.8633281844433,449.5578492871399,0.004191065784880266,-0.0018513635247927596,0.004581765960208695
300,3,717.8885403508322,449.5791114871928,0.025212166388882906,0.021262200052888147,0.03298081995811738
301,3,717.8604180725978,449.5777507386383,-0.028122278234377518,-0.0013607485544753217,0.028155180157836857
302,3,717.8647071534566,449.58186353878483,0.0042890808588254,0.004112800146515383,0.005942334529351187
303,3,717.8827445431963,449.5656741814508,0.018037389739674836,-0.016189357334042143,0.024237217651996098
304,3,717.8817536543702,449.56794591515757,-0.0009908888260952153,0.002271733706777468,0.0024784339208841636
305,3,717.8988346676401,449.54491275797875,0.01708101326994438,-0.0230331571788156,0.02867555307142376
306,3,717.8519639389257,449.5343793368917,-0.046870728714452525,-0.010533421087075112,0.048039756140320314
0,4,733.0160858854466,175.45608424715425,,,
1,4,733.0207563343567,175.4172514379483,0.004670448910133018,-0.038832809205956664,0.03911265989227011
2,4,733.0030146415246,175.42179957820306,-0.017741692832146327,0.004548140254769351,0.018315382724018784
3,4,733.0111724657967,175.35807526124742,0.008157824272075231,-0.06372431695564273,0.06424436682166987
4,4,732.973983252925,175.30706188760163,-0.037189212871680866,-0.051013373645787397,0.06313003916314253
5,4,732.9313462700648,175.35644633400665,-0.04263698286024464,0.04938444640501416,0.06524366524157355
6,4,732.9727329162655,175.38820893645664,0.041386646200749055,0.0317626024499873,0.05217008144657161
7,4,732.9722390740209,175.39898743407034,-0.0004938422446230106,0.010778497613699756,0.010789804955192916
8,4,732.9897330215362,175.37720332762797,0.017493947515276886,-0.021784106442368056,0.027938960130249726
9,4,732.973457413703,175.35420819562293,-0.016275607833108552,-0.022995132005036112,0.028172176101007543
10,4,732.9472322267032,175.37004925622833,-0.02622518699979537,0.01584106060539625,0.0306382054676522
11,4,732.957465273508,175.37144681307785,0.010233046804728474,0.001397556849525472,0.010328040087810426
12,4,732.9852365710234,175.40181479148714,0.027771297515414517,0.030367978409287844,0.041151659484845095
13,4,733.0067413317489,175.41372513137455,0.0215047607255201,0.011910339887407417,0.02458273642407289
14,4,732.991422914883,175.43573949092314,-0.015318416865966356,0.02201435954859221,0.02681950636410401
15,4,732.9685900371679,175.3943510859571,-0.022832877715018185,-0.04138840496602825,0.04726880969921842
16,4,732.9600767721266,175.35482088400352,-0.008513265041301565,-0.039530201953596134,0.040436524926797834
17,4,732.9263253898089,175.34646237184813,-0.03375138231774599,-0.008358512155382414,0.03477097257498462
18,4,732.9761319722614,175.38625796814844,0.04980658245256109,0.03979559630030849,0.06375253046351095
19,4,733.0436666324279,175.43510095364505,0.06753466016641596,0.048842985496605706,0.08334607102926284
20,4,733.0470079589819,175.42854060636793,0.0033413265540502834,-0.006560347277115852,0.007362242833346569
21,4,732.9818277595649,175.42972632566097,-0.06518019941700004,0.0011857192930335714,0.06519098347380382
22,4,732.9043770583647,175.35053967338123,-0.07745070120017772,-0.07918665227973065,0.11076613659268876
23,4,732.942575170005,175.3349967211581,0.03819811164021303,-0.015542952223142947,0.041239290690906434
24,4,732.9721833283817,175.40239158767648,0.029608158376731808,0.06739486651838433,0.07361189493208604
25,4,732.997352513324,175.40218179968974,0.025169184942342326,-0.00020978798673354504,0.025170059230387388
26,4,732.9979270791265,175.41441758272416,0.0005745658024807199,0.012235783034412862,0.01224926578724643
27,4,732.989738374435,175.391549846003,-0.008188704691519888,-0.022867736721167375,0.024289674087429554
28,4,732.9781103623787,175.3704489099734,-0.011628012056235093,-0.021100936029597506,0.024092740933839694
29,4,732.9446993198915,175.3792878481615,-0.033411042487273335,0.008838938188119982,0.034560448324345995
30,4,732.9784269998819,175.40635869284102,0.033727679990420256,0.02707084467951404,0.04324797138824628
31,4,732.9710013251729,175.38932717383332,-0.007425674708997576,-0.017031519007701945,0.018579916162177884
32,4,732.9977936260283,175.4050945825494,0.02679230085539075,0.01576740871607285,0.03108759499777141
33,4,732.9706386872206,175.3972098765393,-0.027154938807711915,-0.007884706010088394,0.028276479457600492
34,4,732.9647228914763,175.37696758927814,-0.005915795744272145,-0.020242287261169167,0.021089021619118322
35,4,732.9899956287597,175.4054861512252,0.025272737283444258,0.0285185619470667,0.0381053752812733
36,4,732.9600590876436,175.3957861316277,-0.02993654111617161,-0.009700019597516985,0.03146882384507637
37,4,732.9358707150329,175.37166862750675,-0.024188372610637998,-0.024117504120937383,0.03415744976684434
38,4,732.9377378855338,175.3827055112056,0.0018671705008728168,0.011036883698835709,0.011193709280705616
39,4,732.9797641129605,175.4141962821678,0.042026227426731566,0.03149077096222186,0.05251544960788663
40,4,732.9931607868294,175.39426298176738,0.013396673868896869,-0.019933300400424514,0.024016813602206855
41,4,733.0019140614426,175.40897965972084,0.00875327461312736,0.014716677953458657,0.01712309628655507
42,4,732.9880762062293,175.45879352637223,-0.01383785521329628,0.04981386665139098,0.0517001697063628
43,4,733.0069847651838,175.42576687094333,0.018908558954535692,-0.033026655428898266,0.038056452416854715
44,4,732.9653246826115,175.4214822572278,-0.04166008257232079,-0.004284613715526575,0.041879832791259626
45,4,732.9838918800649,175.3919746476415,0.018567197453421613,-0.02950760958631804,0.03486315884673841
46,4,733.009365430178,175.4311262675787,0.02547355011313357,0.03915161993720062,0.046709218566288735
47,4,732.9827478434368,175.4566451763459,-0.02661758674128123,0.025518908767196535,0.036874254278536
48,4,732.9614578425665,175.4284374121319,-0.021290000870294534,-0.028207764213988185,0.03534037491325035
49,4,732.9746297992051,175.40560891063578,0.013171956638643678,-0.02282850149612159,0.026356041475318993
50,4,732.9979626342066,175.40605136276838,0.023332835001497187,0.00044245213260296623,0.023337029654536955
51,4,733.0101059302204,175.40239602947565,0.012143296013846339,-0.0036553332927269366,0.01268152591610388
52,4,733.0212638402959,175.41474845699855,0.011157910075439759,0.012352427522898779,0.016645762913127995
53,4,733.0224007759543,175.42032224020076,0.001136935658450966,0.005573783202208915,0.005688557099711982
54,4,733.0391916880889,175.41076684716722,0.01679091213452466,-0.00955539303353703,0.01931942717408297
55,4,733.020809918899,175.38609560726067,-0.018381769189886654,-0.024671239906552955,0.030766207388577445
56,4,733.0044790115726,175.39246445321552,-0.016330907326391753,0.006368845954852986,0.01752885429512845
57,4,733.0430008265704,175.42149795497605,0.03852181499780727,0.029033501760522995,0.04823768708389303
58,4,733.055606699266,175.42560802642362,0.012605872695644393,0.004110071447570363,0.013258986149888158
59,4,733.0431731669347,175.42575195863714,-0.012433532331328934,0.00014393221351838292,0.012434365392583982
60,4,733.0302358745338,175.35493904408006,-0.012937292400920342,-0.07081291455708083,0.07198501512631182
61,4,733.018986482295,175.33236033227206,-0.01124939223882393,-0.022578711807994978,0.025225920253806478
62,4,733.0159727491141,175.37533636181536,-0.0030137331808646195,0.042976029543297045,0.043081570340364625
63,4,733.0779110121098,175.39536873424257,0.061938262995681725,0.020032372427209566,0.06509719170582294
64,4,733.0826171417431,175.39941779783643,0.004706129633291312,0.004049063593868141,0.00620826643375838
65,4,733.0277700813734,175.39927438262026,-0.05484706036963871,-0.00014341521617211583,0.054847247871839686
66,4,733.0232546128627,175.37738172960502,-0.004515468510703613,-0.021892653015243013,0.022353472032706347
67,4,733.019509342066,175.36290099553318,-0.003745270796684963,-0.014480734071838697,0.014957229442641152
68,4,733.0292988946524,175.38381975174227,0.009789552586312311,0.020918756209084677,0.023096097098325784
69,4,733.0410873856952,175.4065801712786,0.011788491042807436,0.02276041953632557,0.025632113032988558
70,4,733.0376362197184,175.38917412045686,-0.0034511659767986202,-0.017406050821733743,0.01774489086492758
71,4,733.048283650333,175.39749399025283,0.010647430614653786,0.00831986979596877,0.01351251316801357
72,4,733.0635334164238,175.3726634834172,0.015249766090732919,-0.024830506835627375,0.029139482417095287
73,4,733.0796750093789,175.38157887152715,0.01614159295513673,0.008915388109954847,0.01844004252382418
74,4,733.1027735121183,175.3926552287222,0.023098502739458127,0.01107635719503719,0.0256169185796576
75,4,733.0613910562562,175.4020386948431,-0.041382455862162715,0.009383466120908679,0.04243297172749142
76,4,733.0363860950321,175.4492192253328,-0.025004961224112776,0.0471805304896975,0.053397102384948374
77,4,733.0573487272414,175.43368475472693,0.020962632209375442,-0.01553447060587132,0.02609121933046106
78,4,733.0391545041209,175.42047479834284,-0.018194223120531205,-0.013209956384088173,0.02248405440816189
79,4,733.0384043382387,175.4204219090333,-0.0007501658822093304,-5.2889309529291495e-05,0.0007520280113754994
80,4,733.0590316434369,175.38296607621123,0.020627305198217982,-0.03745583282207576,0.04276008807446167
81,4,733.0359462718059,175.44895332470867,-0.02308537163105484,0.06598724849743576,0.06990887888963926
82,4,733.0318295303715,175.44943399001028,-0.004116741434359028,0.00048066530160895127,0.004144707368384317
83,4,733.0438328102954,175.47569687805654,0.012003279923874288,0.026262888046261423,0.02887590721451613
84,4,733.0411220214199,175.47290455915234,-0.0027107888754471787,-0.0027923189041985097,0.0038917118585517795
85,4,733.0636367306342,175.4349756993886,0.022514709214306095,-0.0379288597637526,0.04410794184705483
86,4,733.0241174565109,175.42425928533294,-0.03951927412333589,-0.010716414055650603,0.04094648406698079
87,4,733.0427649748682,175.4512262101568,0.018647518357283843,0.026966924823852878,0.0327863534925824
88,4,733.0338677630766,175.44421925850324,-0.00889721179157732,-0.007006951653551141,0.011325093780600034
89,4,733.0425839011191,175.41735594051204,0.008716138042473176,-0.02686331799120012,0.028241970821311038
90,4,733.0624541820722,175.43590112378573,0.01987028095311416,0.01854518327368737,0.027179990577819287
91,4,733.0471614572314,175.42242763632512,-0.015292724840833216,-0.013473487460601064,0.020381420397224806
92,4,733.0146228266141,175.45268502478837,-0.032538630617295894,0.030257388463240886,0.04443278113132564
93,4,733.0999125746587,175.4477653035568,0.08528974804460177,-0.004919721231573249,0.0854315209890825
94,4,733.0703937066206,175.46160171751558,-0.02951886803805337,0.013836413958784988,0.032600765657985226
95,4,732.9817999617574,175.3856550105952,-0.08859374486326033,-0.07594670692037653,0.11669084763144895
96,4,732.9681196648883,175.36440733755788,-0.01368029686909722,-0.021247673037322556,0.025270815814444837
97,4,733.0149878958312,175.38815218171445,0.04686823094289139,0.023744844156567524,0.052539972361392434
98,4,733.0801917132749,175.42634450246823,0.06520381744371662,0.03819232075377954,0.07556580690889964
99,4,733.059049766739,175.38281859038204,-0.0211419465358631,-0.043525912086181506,0.04838891325768017
100,4,733.0105928945914,175.4169438470821,-0.048456872147653485,0.034125256700065165,0.0592672051237392
101,4,733.0160516335177,175.37835334297085,0.005458738926336082,-0.038590504111255086,0.038974669186879474
102,4,733.0579999486267,175.44158345811542,0.04194831510903896,0.06323011514456311,0.07587956643050839
103,4,733.1083324236552,175.42686447780306,0.050332475028426416,-0.014718980312352414,0.052440503658170434
104,4,733.1433124699092,175.43258050620193,0.034980046254077024,0.005716028398865092,0.03544399267286348
105,4,733.073879020018,175.4170639919077,-0.06943344989122124,-0.01551651429423373,0.07114609040305651
106,4,733.0518365540515,175.44271892777928,-0.02204246596647863,0.02565493587158585,0.033823749651074334
107,4,733.0332414441543,175.43943440326518,-0.018595109897205475,-0.0032845245141004398,0.01888296092706003
108,4,733.0323419871747,175.45629691978746,-0.0008994569795959251,0.016862516522280657,0.01688648827679491
109,4,733.089269300973,175.45004891815404,0.0569273137982691,-0.006248001633423428,0.057269159070985676
110,4,733.092076688932,175.46551360617775,0.0028073879590237993,0.01546468802371237,0.01571744262986904
111,4,733.0420985612043,175.43103890260338,-0.049978127727740684,-0.0344747035743751,0.060715059398071855
112,4,733.0315936720765,175.42588438766995,-0.010504889127787465,-0.0051545149334231155,0.01170135546789299
113,4,733.0567837557325,175.42931408678353,0.025190083655957096,0.003429699113581819,0.025422493005286102
114,4,733.0853424850075,175.43171301909047,0.028558729275005135,0.002398932306931556,0.028659307284306004
115,4,733.0548287226561,175.46368098029276,-0.030513762351347395,0.031967961202298056,0.04419321482157798
116,4,733.0010986094029,175.44387434794575,-0.05373011325320931,-0.019806632347012965,0.05726454186608358
117,4,732.9823016389502,175.39733547049548,-0.018796970452740425,-0.046538877450274185,0.05019156515324896
118,4,733.0472665854228,175.425907012324,0.06496494647262807,0.02857154182851218,0.07097025625323507
119,4,733.0672990137044,175.44055289088055,0.020032428281638204,0.014645878556564185,0.024815316672422393
120,4,732.9893514855573,175.4346575802262,-0.07794752814709227,-0.00589531065435267,0.07817014667987432
121,4,732.9828555681718,175.45206573701245,-0.006495917385564098,0.017408156786245854,0.018580658367630343
122,4,733.0208677686226,175.4024349911079,0.0380122004507939,-0.04963074590455108,0.06251510475199933
123,4,733.0477768973601,175.3934773631347,0.026909128737543142,-0.008957627973188664,0.028360893997187785
124,4,733.026414701144,175.38564188178748,-0.021362196216159646,-0.007835481347228779,0.022753861103568238
125,4,733.094698120959,175.40585058056772,0.06828341981508856,0.020208698780237455,0.07121107307177726
126,4,733.0640538003938,175.47457268735457,-0.03064432056521582,0.06872210678685065,0.07524494896089048
127,4,733.0922010812509,175.44762242348554,0.028147280857069745,-0.026950263869025548,0.038969040817768
128,4,733.063379226357,175.40018691969865,-0.02882185489386302,-0.0474355037868861,0.05550519200073612
129,4,732.9788713497181,175.3710063779956,-0.08450787663889514,-0.02918054170305595,0.08940405599355382
130,4,733.0316646552714,175.36409189708573,0.052793305553223036,-0.006914480909870235,0.05324418425977555
131,4,733.0349358135616,175.43468816437428,0.003271158290203857,0.07059626728855051,0.07067201307190871
132,4,733.1213648013783,175.45831564041515,0.08642898781670283,0.023627476040871898,0.08960037700301123
133,4,733.0978963287793,175.42560713469675,-0.023468472599006418,-0.03270850571840356,0.04025686963067488
134,4,733.1003837241906,175.40341080388728,0.0024873954113218133,-0.02219633080946437,0.02233526891119608
135,4,733.085973095215,175.40087989444098,-0.014410628975610962,-0.0025309094463068504,0.014631190317199878
136,4,733.0778040113634,175.4174191274624,-0.008169083851612413,0.01653923302143312,0.01844668425251374
137,4,733.0672103385482,175.42908020338356,-0.01059367281516188,0.011661075921153952,0.015754573791557053
138,4,733.0587097217768,175.42801176166085,-0.008500616771357272,-0.0010684417227082577,0.00856749982248639
139,4,733.0988280416867,175.44797708057172,0.040118319909879574,0.01996531891086306,0.04481175684576433
140,4,733.0629014584453,175.43701127272192,-0.03592658324146214,-0.010965807849800058,0.03756285832047988
141,4,733.0192558325083,175.38132126907854,-0.04364562593696064,-0.055690003643377395,0.07075533315043099
142,4,733.0229206935722,175.38687785779533,0.00366486106395314,0.005556588716785882,0.006656341696877641
143,4,733.098840300504,175.42881724317954,0.07591960693173405,0.04193938538421094,0.0867334927411226
144,4,733.1535527499324,175.44752338998774,0.054712449428393484,0.018706146808199264,0.05782189940554027
145,4,733.1074258000093,175.4375424306909,-0.046126949923063876,-0.009980959296825631,0.04719443884283118
146,4,733.0863322221132,175.43070058156573,-0.021093577896067472,-0.006841849125180488,0.02217543523607145
147,4,733.0585194492314,175.41418421652946,-0.027812772881816272,-0.01651636503626719,0.03234718920380446
148,4,733.0364063576164,175.4149330883705,-0.022113091614983205,0.0007488718410399997,0.022125768456868183
149,4,733.062270967404,175.42055283721928,0.025864609787504378,0.005619748848772588,0.02646808675713354
150,4,733.1494105224499,175.45544416702867,0.08713955504595106,0.034891329809397575,0.09386536608075681
151,4,733.1478076065667,175.42122582409337,-0.00160291588315431,-0.034218342935304236,0.034255865666576776
152,4,733.1266170102265,175.43464014371645,-0.021190596340261436,0.013414319623080928,0.02507958022388085
153,4,733.0824077955311,175.4162358948913,-0.04420921469534278,-0.01840424882516345,0.04788706546445963
154,4,733.0779400905378,175.43921287760267,-0.0044677049933170565,0.022976982711384153,0.02340730916672304
155,4,733.0587492009106,175.42872627424688,-0.01919088962722526,-0.010486603355786883,0.02186913566252546
156,4,733.0860609131123,175.43970570517806,0.02731171220170836,0.010979430931172374,0.029435990334305554
157,4,733.1047247459527,175.45225531553973,0.01866383284038875,0.012549610361674013,0.02249069533215479
158,4,733.1285019857169,175.45697185384805,0.02377723976417201,0.004716538308315421,0.0242405211251064
159,4,733.1095365115794,175.43230929874423,-0.018965474137417004,-0.02466255510381643,0.03111158680469087
160,4,733.0310660513626,175.43998574683198,-0.0784704602168631,0.007676448087750032,0.07884504411749807
161,4,733.0107617558664,175.4301751398492,-0.02030429549620294,-0.009810606982767922,0.022550220064723576
162,4,733.0328676285784,175.44836815944626,0.022105872712018027,0.018193019597049442,0.02862962749353488
163,4,733.0594536441027,175.46498533181008,0.026586015524344475,0.016617172363822874,0.03135197982312575
164,4,733.0721536571996,175.45564289367766,0.012700013096832663,-0.009342438132421194,0.015766149907882988
165,4,733.0638395621014,175.456108664068,-0.008314095098171492,0.00046577039034900736,0.00832713152039555
166,4,733.0224408006422,175.46122632977193,-0.041398761459163325,0.005117665703920693,0.04171388201318349
167,4,733.0090374224314,175.43765426361267,-0.01340337821079629,-0.023572066159260885,0.027116283861883084
168,4,733.0587699561295,175.480978919173,0.049732533698033876,0.043324655560326164,0.06595718829245964
169,4,733.1021223368448,175.47709617578718,0.04335238071530512,-0.0038827433858159566,0.04352590734131635
170,4,733.0858027191127,175.45154227595071,-0.016319617732051483,-0.025553899836467053,0.03032048350162774
171,4,733.0449445715826,175.44328521667686,-0.040858147530116184,-0.008257059273859113,0.04168413664027075
172,4,733.0548312692257,175.43313114908278,0.009886697643082698,-0.010154067594072558,0.014172222090791952
173,4,733.0431569267471,175.46200791073406,-0.011674342478613653,0.02887676165127573,0.031147353591798963
174,4,733.0350759523959,175.4650927224621,-0.008080974351173609,0.0030848117280299903,0.008649752011573343
175,4,733.049875285737,175.41659919817488,0.014799333341102283,-0.048493524287209766,0.05070150062015191
176,4,733.0536536034598,175.36619041246735,0.003778317722776592,-0.05040878570753193,0.050550186560705423
177,4,733.0860350750955,175.38288560965665,0.032381471635744674,0.01669519718930701,0.03643198202797072
178,4,733.0846981341006,175.45136466635861,-0.0013369409949746114,0.06847905670196042,0.06849210624600731
179,4,733.0805433819877,175.49408204229553,-0.0041547521128677545,0.042717375936916824,0.04291894886941268
180,4,733.0558887023061,175.44733577763202,-0.024654679681589187,-0.04674626466351128,0.052849470103235756
181,4,733.0108006641718,175.3622714318972,-0.045088038134281305,-0.08506434573482125,0.09627499207006773
182,4,733.0160174975309,175.39070789081754,0.005216833359099837,0.02843645892033919,0.02891102810736338
183,4,733.0749637745419,175.44757047441442,0.058946277010932135,0.05686258359688168,0.08190248461897785
184,4,733.1408725005921,175.4640486708876,0.06590872605022469,0.016478196473173057,0.06793740595998687
185,4,733.0869715867119,175.5074131857007,-0.053900913880170265,0.043364514813106325,0.06917940200734356
186,4,733.0421421485535,175.40173112752635,-0.044829438158444646,-0.10568205817435228,0.11479710774043478
187,4,733.0275299918846,175.3859102097152,-0.014612156668817988,-0.01582091781114059,0.021536400880856288
188,4,733.0589577126223,175.40669982299508,0.0314277207376108,0.02078961327987372,0.037681688538173996
189,4,733.1404446729898,175.481068050988,0.0814869603675561,0.07436822799292031,0.1103211586448884
190,4,733.1076171269289,175.49202771617536,-0.0328275460609575,0.01095966518735736,0.03460869892676203
191,4,733.0847012093484,175.46394099530679,-0.02291591758046252,-0.028086720868572,0.03624918161426033
192,4,733.026494838009,175.39710344945934,-0.058206371339451835,-0.06683754584744861,0.08862978731451382
193,4,733.0213585260493,175.40131575074005,-0.005136311959631712,0.0042123012807167015,0.006642678874233144
194,4,733.0749718526827,175.4417996093468,0.05361332663335361,0.0404838586067342,0.06718133371990102
195,4,733.1003982055589,175.47787901858854,0.025426352876252167,0.03607940924175068,0.044138681355715886
196,4,733.1195995076243,175.49938512343908,0.019201302065425807,0.021506104850544716,0.02883058353294897
197,4,733.0612648242867,175.46712109996636,-0.05833468333764813,-0.03226402347272028,0.06666260189005473
198,4,733.0354160578559,175.45605056473104,-0.025848766430840442,-0.011070535235319312,0.02811966351848098
199,4,733.0180393054883,175.47012971753986,-0.01737675236756786,0.014079152808818662,0.022364571685096982
200,4,733.0606830685024,175.4342199047173,0.04264376301409811,-0.03590981282255257,0.05574948592546233
201,4,733.0604995284223,175.47292446786233,-0.0001835400801155629,0.0387045631450178,0.03870499832331322
202,4,733.1029716545688,175.46950308497495,0.04247212614654927,-0.0034213828873816965,0.042609709694745194
203,4,733.076175443426,175.46750506689662,-0.026796211142823267,-0.0019980180783250034,0.02687059745990177
204,4,733.0648187875306,175.45517044329378,-0.011356655895383483,-0.012334623602839656,0.016766531321352
205,4,733.0680224356735,175.43377265749,0.0032036481428576735,-0.02139778580377083,0.0216362796877673
206,4,733.0815284430909,175.44698334783655,0.01350600741739072,0.013210690346539877,0.018892712240193968
207,4,733.0614479406166,175.46941550915133,-0.020080502474229434,0.022432161314782206,0.030106950042638754
208,4,733.1078274422717,175.46896273723289,0.04637950165511029,-0.000452771918446615,0.04638171165649789
209,4,733.1176787314453,175.46457250462524,0.009851289173525402,-0.004390232607647704,0.010785269617847851
210,4,733.1283673929823,175.50179016495503,0.01068866153707404,0.03721766032978735,0.038722109006064646
211,4,733.1060222289325,175.45952283436145,-0.02234516404985243,-0.04226733059357457,0.047810392091273864
212,4,733.064862692624,175.42057577415554,-0.0411595363084416,-0.03894706020591343,0.05666551797882878
213,4,733.0614339554787,175.4362016683362,-0.003428737145327432,0.015625894180658406,0.01599765005733287
214,4,733.0715280682402,175.4432455066111,0.010094112761521501,0.007043838274910286,0.012308808637939024
215,4,733.1384840225819,175.4425150185645,0.06695595434166535,-0.0007304880465994756,0.06695993902767086
216,4,733.0764889354234,175.40513225268242,-0.061995087158493334,-0.03738276588208578,0.07239379819282879
217,4,733.0508658009088,175.404858004549,-0.025623134514603407,-0.0002742481334223612,0.02562460213139213
218,4,733.0826168072165,175.41286481609305,0.03175100630767247,0.008006811544049697,0.032745006224641104
219,4,733.0787028283713,175.43866125499517,-0.003913978845162092,0.02579643890211969,0.026091674734121044
220,4,733.0754421026451,175.46632463699888,-0.0032607257262498024,0.027663382003709103,0.027854892499253412
221,4,733.0716451279079,175.45980913857667,-0.0037969747371562335,-0.006515498422203336,0.0075411363098896985
222,4,733.0562884831533,175.3955057193394,-0.01535664475466092,-0.06430341923726246,0.06611169536265116
223,4,733.033235207497,175.37422704732762,-0.02305327565625248,-0.021278672011789013,0.03137252621432415
224,4,733.0573777162218,175.40591268945926,0.02414250872482171,0.031685642131634495,0.0398351684422459
225,4,733.0728329203066,175.4434196746094,0.01545520408478751,0.037506985150145056,0.04056645496411579
226,4,733.1098152616493,175.48264552409003,0.036982341342650216,0.039225849480629904,0.05391067462628648
227,4,733.0796488464167,175.46717173202342,-0.03016641523254293,-0.015473792066615033,0.033903552157599014
228,4,733.0907675482069,175.44964045596672,0.011118701790223895,-0.017531276056701017,0.02075984512649809
229,4,733.0662270145085,175.4246788801303,-0.02454053369842768,-0.02496157583641434,0.035004543454253606
230,4,733.0261157158926,175.40120903627226,-0.040111298615897795,-0.023469843858038075,0.04647310886280809
231,4,733.0899904393493,175.4482061948315,0.0638747234567063,0.04699715855923614,0.07930140736022716
232,4,733.1251191404283,175.42475248346798,0.0351287010789747,-0.023453711363515595,0.04223863416611691
233,4,733.0969610234636,175.4372020748554,-0.02815811696473247,0.012449591387422743,0.03078752794092675
234,4,733.0520009601607,175.39026327969276,-0.04496006330282398,-0.046938795162645874,0.06499736751219058
235,4,733.0120856470463,175.38794124402858,-0.039915313114420314,-0.0023220356641786566,0.03998279718388812
236,4,733.0327901888115,175.36556600836423,0.020704541765212525,-0.02237523566435584,0.030484901520964298
237,4,733.0763248859445,175.4197844417357,0.04353469713294089,0.05421843337146015,0.06953350538921763
238,4,733.0875255181774,175.45855845252805,0.011200632232885255,0.0387740107923662,0.04035936168155882
239,4,733.0776718890343,175.45149878375372,-0.009853629143094622,-0.00705966877433184,0.012121589437566332
240,4,733.0778349938984,175.41817818256303,0.0001631048641002053,-0.03332060119069524,0.033321000388734645
241,4,733.0003404569557,175.39997862872366,-0.07749453694270869,-0.018199553839366445,0.07960293346301278
242,4,733.0376951926645,175.4321163584642,0.03735473570884551,0.03213772974055473,0.04927687036282473
243,4,733.0654737882062,175.43091690895932,0.027778595541690265,-0.0011994495048952558,0.027804478944652204
244,4,733.0935407433248,175.44937489323502,0.028066955118561054,0.01845798427569889,0.03359242702082224
245,4,733.0751306777216,175.44771870997243,-0.01841006560312053,-0.0016561832625825446,0.01848441122974871
246,4,733.0599188835286,175.4236377459687,-0.015211794193078276,-0.024080964003729832,0.02848317942087052
247,4,733.0457695803459,175.44399643546632,-0.01414930318264851,0.02035868949761266,0.024792721081291404
248,4,733.0302832310177,175.419442023,-0.015486349328170945,-0.024554412466329723,0.029030091062220063
249,4,733.075529286045,175.4203805474076,0.04524605502729173,0.0009385244076156596,0.0452557877358952
250,4,733.0829025623707,175.46489516815686,0.007373276325665756,0.04451462074925416,0.045121133232938114
251,4,733.0752736948054,175.4673758480431,-0.007628867565244946,0.002480679886247117,0.008022056658119373
252,4,733.0320949985733,175.4438126863022,-0.043178696232189395,-0.023563161740895566,0.049189657444825646
253,4,733.03449142089,175.44172528682077,0.0023964223167922682,-0.0020873994814394337,0.003178061754518568
254,4,733.0692532309737,175.42950887305756,0.0347618100836371,-0.012216413763212586,0.03684595236284257
255,4,733.0825897848983,175.42638317347277,0.013336553924659711,-0.0031256995847854796,0.013697943950815555
256,4,733.1137329953203,175.44934500981284,0.031143210421987533,0.022961836340073205,0.03869296426350015
257,4,733.0891468387881,175.44057466129632,-0.024586156532222958,-0.008770348516520698,0.026103603316940872
258,4,733.0798105445037,175.44818185656993,-0.009336294284366886,0.0076071952736072035,0.012043081453477492
259,4,733.0906617129039,175.4065829038584,0.01085116840010869,-0.04159895271152436,0.042990937676947186
260,4,733.0828150983922,175.43326579521343,-0.007846614511663574,0.026682891355022775,0.027812695848453788
261,4,733.0855693973143,175.42323186111818,0.0027542989221274183,-0.010033934095247332,0.010405094712697197
262,4,733.0967840715075,175.46249805089005,0.011214674193183782,0.039266189771865356,0.04083628994484447
263,4,733.0792727677184,175.4605921838441,-0.01751130378909238,-0.0019058670459344285,0.017614712305077822
264,4,733.043685712922,175.41382428943427,-0.03558705479645141,-0.04676789440983953,0.05876797100985821
265,4,733.0651365589866,175.40790778837177,0.021450846064681173,-0.005916501062500856,0.022251826480386313
266,4,733.1016161884652,175.42794649576007,0.036479629478549214,0.02003870738829505,0.04162106630885311
267,4,733.1153714693454,175.45557486509307,0.013755280880218379,0.0276283693330015,0.030863158362268096
268,4,733.1125330934101,175.45978890557222,-0.0028383759353118876,0.004214040479155301,0.005080798668528116
269,4,733.0690835891287,175.4462519207937,-0.04344950428139782,-0.013536984778511396,0.04550944274755358
270,4,733.0853384502907,175.45127524003138,0.016254861161996814,0.005023319237665191,0.017013354976585
271,4,733.0827591434019,175.45195696724116,-0.0025793068888333437,0.0006817272097805471,0.0026678785608303677
272,4,733.1126662542674,175.46127969196004,0.0299071108655653,0.009322724718884956,0.031326482032129344
273,4,733.1674093083712,175.47380454847936,0.05474305410382385,0.012524856519320338,0.056157581887433035
274,4,733.1250239118115,175.4861353678409,-0.04238539655978002,0.012330819361523027,0.04414262053453921
275,4,733.0726465778353,175.45444397068107,-0.05237733397621014,-0.03169139715981828,0.061218704399854745
276,4,733.0556987716996,175.46126679852844,-0.016947806135704013,0.006822827847372537,0.018269622673944
277,4,733.0953581815724,175.46480571601464,0.03965940987279737,0.003538917486196169,0.03981699044921204
278,4,733.1237322744257,175.4666169043144,0.028374092853368893,0.0018111882997686735,0.028431840396091465
279,4,733.1313168720467,175.44056870201587,0.007584597620962086,-0.02604820229853999,0.027129964320978524
280,4,733.0692113927336,175.4239641559126,-0.06210547931311794,-0.01660454610325246,0.06428686889254412
281,4,733.0708329801382,175.39991739958344,0.001621587404656566,-0.024046756329170194,0.024101369995612854
282,4,733.0930299295537,175.43137953484737,0.022196949415501877,0.031462135263922164,0.03850416235577244
283,4,733.0963029018056,175.4458568898376,0.0032729722519206916,0.014477354990219737,0.0148427138648794
284,4,733.141825149663,175.43315726198048,0.04552224785732051,-0.012699627857102769,0.047260507801887
285,4,733.1241622144271,175.4122013922007,-0.01766293523587592,-0.020955869779783143,0.02740671011584527
286,4,733.073644482803,175.40302515293934,-0.05051773162404061,-0.009176239261364572,0.05134437238315803
287,4,733.0924126271177,175.4327298229916,0.018768144314663004,0.02970467005226851,0.035137026964872184
288,4,733.0872644033442,175.43641458068623,-0.005148223773517202,0.0036847576946286154,0.006331006814901757
289,4,733.1136754094741,175.42802089081525,0.026411006129933412,-0.0083936898709851,0.027712727661593654
290,4,733.1091289119446,175.38952598755293,-0.0045464975295317345,-0.0384949032623183,0.03876245886113628
291,4,733.0973227188504,175.41302996178143,-0.011806193094230366,0.02350397422850392,0.02630252839390976
292,4,733.072266728268,175.41537705607593,-0.0250559905823593,0.0023470942944925355,0.025165681307894632
293,4,733.1300780888284,175.4389939252257,0.05781136056043579,0.023616869149776676,0.062449258748894565
294,4,733.1549525420195,175.46748603894378,0.024874453191046086,0.028492113718073142,0.03782246641451552
295,4,733.1530442376607,175.45242088951824,-0.0019083043588352666,-0.015065149425538493,0.0151855310325241
296,4,733.0854576862552,175.47825090548284,-0.06758655140549763,0.025830015964601216,0.0723542096606654
297,4,733.0910573355418,175.46269284290614,0.005599649286637032,-0.015558062576701559,0.016535095502412323
298,4,733.139620505881,175.45888340453445,0.04856317033920732,-0.0038094383716895663,0.048712352992876115
299,4,733.1405376042404,175.45940790926463,0.0009170983594231075,0.0005245047301798422,0.0010564916529900198
300,4,733.1322088167869,175.4469464860851,-0.00832878745347898,-0.012461423179530584,0.014988521211399443
301,4,733.107542816728,175.43932528736218,-0.024666000058914506,-0.0076211987229157785,0.025816549515389222
302,4,733.1014908596418,175.43469772251942,-0.00605195708624251,-0.004627564842763832,0.007618434284530173
303,4,733.0695034878423,175.46655537649556,-0.03198737179945965,0.031857653976146594,0.045145343851838764
304,4,733.1138364254687,175.44874004394623,0.04433293762633639,-0.017815332549332652,0.04777860852331244
305,4,733.1216235752881,175.43170686482577,0.007787149819478145,-0.017033179120460318,0.018728825197024075
306,4,733.0944142962035,175.43703369817732,-0.027209279084672744,0.005326833351546156,0.027725800653231894
